fixationid,world_timestamp,world_index,start_timestamp,duration,dispersion,norm_pos_x,norm_pos_y,x_scaled,y_scaled,on_surf,aoi,next_fixation_id,next_world_timestamp,next_aoi,transition,transition_duration
1,2725.961553,11,2725.974759,201.738999999634,1.0424069502447837,0.26058103144168854,0.5618236213922501,0.0905241072177887,0.7067646384239197,True,4,2.0,2727.536575,2.0,4 -> 2.0,1.57502199999999
2,2727.536575,58,2727.534137,80.695999999989,1.3690908327176534,0.4859828054904938,0.16694169243176774,0.4207777082920074,0.2098533362150192,True,2,3.0,2727.771152,2.0,2 -> 2.0,0.23457699999971737
3,2727.771152,65,2727.768154,88.76499999996668,1.4831315499827458,0.5370871722698212,0.3042077273130417,0.5219387412071228,0.3017817437648773,True,2,4.0,2727.871686,2.0,2 -> 2.0,0.10053400000015245
4,2727.871686,68,2727.8609535,157.356499999878,1.1711089465552489,0.5198676586151123,0.32046735286712646,0.5209248661994934,0.3347660899162292,True,2,15.0,2730.619596,2.0,2 -> 2.0,2.747910000000047
15,2730.619596,150,2730.604599,217.87799999992785,1.3539021661350104,0.5231636251722064,0.25858100610119955,0.5190463066101074,0.2736935913562774,True,2,16.0,2730.887684,2.0,2 -> 2.0,0.2680879999998069
16,2730.887684,158,2730.8829985,100.8694999995896,1.4587221084625206,0.4949486181139946,0.13961615040898323,0.5000873804092407,0.1882024109363556,True,2,17.0,2731.088751,2.0,2 -> 2.0,0.20106699999996636
17,2731.088751,164,2731.100876,80.69550000027448,1.4140117777288537,0.4581616222858429,0.15759792923927302,0.4731927514076233,0.1931688338518142,True,2,18.0,2731.222795,5.0,2 -> 5.0,0.1340440000003582
18,2731.222795,168,2731.2138495,80.69549999981973,1.4273554361904162,0.3926581144332886,0.3495817532142003,0.4654954969882965,0.2375852614641189,True,5,19.0,2731.289818,2.0,5 -> 2.0,0.0670230000000629
19,2731.289818,170,2731.29858,149.28649999956178,1.4678127861104853,0.440101886789004,0.31653503080209094,0.2697546184062958,0.6100906133651733,True,2,20.0,2731.457373,2.0,2 -> 2.0,0.16755499999999302
20,2731.457373,175,2731.451901,209.80850000023565,1.4850269697713852,0.4792074305670602,0.3065447849886758,0.4857464730739593,0.2928864955902099,True,2,21.0,2731.65844,5.0,2 -> 5.0,0.20106699999996636
21,2731.65844,181,2731.665744,217.87799999992785,1.2900734372979363,0.5035485178232193,0.36918019875884056,0.5071306228637695,0.2890373468399048,True,5,22.0,2731.893017,5.0,5 -> 5.0,0.23457699999971737
22,2731.893017,188,2731.8876565,80.69549999981973,1.347949625181351,0.5089273055394491,0.36735956867535907,0.5083543062210083,0.3593026101589203,True,5,23.0,2731.960039,2.0,5 -> 2.0,0.0670220000001791
23,2731.960039,190,2731.972387,157.35600000016348,1.405624911158461,0.5482299625873566,0.3085670198003451,0.5146075487136841,0.299333393573761,True,2,24.0,2732.127595,2.0,2 -> 2.0,0.1675559999998768
24,2732.127595,195,2732.133778,177.52999999993335,1.3548240853349487,0.5114257236321768,0.2916444440682729,0.5121761560440063,0.2800683975219726,True,2,25.0,2732.328662,2.0,2 -> 2.0,0.20106699999996636
25,2732.328662,201,2732.3153425,217.87749999975856,0.9331502235110394,0.5004717537334987,0.23776261295591078,0.5044056177139282,0.2514239549636841,True,2,26.0,2732.529728,2.0,2 -> 2.0,0.20106600000008257
26,2732.529728,207,2732.537255,217.87799999992785,0.4509986575111375,0.5025102272629738,0.2962009198963642,0.5039334297180176,0.2675431668758392,True,2,27.0,2732.764306,2.0,2 -> 2.0,0.2345780000000559
27,2732.764306,214,2732.7591675000003,217.8779999994731,0.7848019689268959,0.5049567946365902,0.30343798228672575,0.507914125919342,0.3018224835395813,True,2,28.0,2732.965372,2.0,2 -> 2.0,0.20106600000008257
28,2732.965372,220,2732.98108,217.87749999975856,0.5677997773213288,0.5112815946340561,0.2525746989995241,0.5099872946739197,0.2651845216751098,True,2,29.0,2733.19995,2.0,2 -> 2.0,0.2345780000000559
29,2733.19995,227,2733.2029925,217.8780000003826,0.7517529431413441,0.5145850628614426,0.22861901111900804,0.5108281373977661,0.2400053888559341,True,2,30.0,2733.434528,2.0,2 -> 2.0,0.23457799999960116
30,2733.434528,234,2733.424905,217.87750000021333,0.5302568777081781,0.5174835750034877,0.25803671777248377,0.5143347382545471,0.2647376656532287,True,2,31.0,2733.635594,2.0,2 -> 2.0,0.20106600000008257
31,2733.635594,240,2733.6468175,217.8780000003826,0.4862866695110816,0.5088983476161957,0.2481795474886894,0.5119598507881165,0.2576889395713806,True,2,32.0,2733.870172,2.0,2 -> 2.0,0.2345780000000559
32,2733.870172,247,2733.86873,217.87749999975856,0.6432046623849428,0.5064127615519932,0.2594970720154898,0.5058977603912354,0.2638185620307922,True,2,33.0,2734.10475,2.0,2 -> 2.0,0.2345780000000559
33,2734.10475,254,2734.0906425000003,217.87749999975856,0.517849810238267,0.5051785792623248,0.254382563488824,0.5054099559783936,0.2629697918891907,True,2,34.0,2734.305816,2.0,2 -> 2.0,0.20106600000008257
34,2734.305816,260,2734.3125545000003,217.8779999994731,1.3697021152114326,0.5204551815986633,0.24024610407650468,0.5162303447723389,0.2709924578666687,True,2,35.0,2734.540394,2.0,2 -> 2.0,0.2345780000000559
35,2734.540394,267,2734.5344675,157.35600000061822,1.4756001517559971,0.5145767529805502,0.2745436678330103,0.511038601398468,0.2853263914585113,True,2,36.0,2734.707949,2.0,2 -> 2.0,0.16755499999999302
36,2734.707949,272,2734.695858,217.87799999992785,0.5962007142361412,0.4993719586304256,0.3115908333233425,0.501193106174469,0.3127482235431671,True,2,37.0,2734.909016,2.0,2 -> 2.0,0.20106699999996636
37,2734.909016,278,2734.9177705,217.8779999994731,0.9398920797990394,0.5032680407166481,0.3079968802630901,0.5058524012565613,0.297943651676178,True,2,38.0,2735.143594,5.0,2 -> 5.0,0.2345780000000559
38,2735.143594,285,2735.139683,141.21750000003885,1.2871065904661396,0.45576601326465604,0.40101635456085205,0.5112141966819763,0.3968011140823364,True,5,39.0,2735.545727,2.0,5 -> 2.0,0.4021330000000489
39,2735.545727,297,2735.5391255,217.87799999992785,0.990538148415546,0.541977081980024,0.3013551426785333,0.5456586480140686,0.3291196525096893,True,2,40.0,2735.746793,2.0,2 -> 2.0,0.20106599999962782
40,2735.746793,303,2735.761038,112.97400000012205,1.3052007444524585,0.5302998423576355,0.20889556109905244,0.5519512295722961,0.2596670091152191,True,2,41.0,2735.880838,2.0,2 -> 2.0,0.134045000000242
41,2735.880838,307,2735.8780465,108.93850000002205,1.452722365983613,0.5228092968463898,0.22877206280827517,0.533328652381897,0.2427051812410354,True,2,42.0,2735.981371,2.0,2 -> 2.0,0.10053299999981391
42,2735.981371,310,2735.9910200000004,117.00849999942876,1.4386249030055986,0.504330849647522,0.28677926063537595,0.5034578442573547,0.3058287799358368,True,2,43.0,2736.115416,2.0,2 -> 2.0,0.134045000000242
43,2736.115416,314,2736.112063,169.46099999995567,1.4626657766319688,0.5367374817530314,0.3227209746837616,0.5267934203147888,0.3344341814517975,True,2,44.0,2736.282971,2.0,2 -> 2.0,0.16755499999999302
44,2736.282971,319,2736.2855585,217.87750000021333,0.7964174261950181,0.5459820479154587,0.3329794928431511,0.5384798049926758,0.3448419570922851,True,2,45.0,2736.517549,2.0,2 -> 2.0,0.2345780000000559
45,2736.517549,326,2736.507471,217.8780000003826,0.5864212217542271,0.5370626875332424,0.31050826822008404,0.5350183844566345,0.3108369708061218,True,2,46.0,2736.718615,2.0,2 -> 2.0,0.20106600000008257
46,2736.718615,332,2736.7293835,217.87750000021333,0.4407517686411848,0.5445561185479164,0.32455963641405106,0.5376430153846741,0.327963262796402,True,2,47.0,2736.953193,2.0,2 -> 2.0,0.23457799999960116
47,2736.953193,339,2736.951296,217.8779999994731,0.6162647352694124,0.5557532225336347,0.3114087624209267,0.5950920581817627,0.2607716917991638,True,2,48.0,2737.187771,2.0,2 -> 2.0,0.2345780000000559
48,2737.187771,346,2737.1732085,217.87750000021333,0.2831780247718261,0.5451608215059552,0.30568770851407734,0.5538391470909119,0.3089907467365265,True,2,49.0,2737.388837,2.0,2 -> 2.0,0.20106600000008257
49,2737.388837,352,2737.395121,217.87799999992785,1.182153200259556,0.548843614757061,0.33033040165901184,0.5483099222183228,0.3305474519729614,True,2,50.0,2737.623415,2.0,2 -> 2.0,0.2345780000000559
50,2737.623415,359,2737.6170335,217.87750000021333,0.7433402185106711,0.5701596736907959,0.3170278136219297,0.5582908987998962,0.3408617377281189,True,2,51.0,2737.824481,5.0,2 -> 5.0,0.20106600000008257
51,2737.824481,365,2737.838946,169.4600000000719,1.2853869823228938,0.5439879298210144,0.343797504901886,0.5408637523651123,0.3456125855445862,True,5,52.0,2738.025548,5.0,5 -> 5.0,0.20106699999996636
52,2738.025548,371,2738.016476,100.86950000004435,1.374744538509662,0.47611958533525467,0.3332168012857437,0.4804796576499939,0.3371640741825104,True,5,53.0,2738.126081,2.0,5 -> 2.0,0.10053299999981391
53,2738.126081,374,2738.12138,217.87749999975856,0.7955192680041308,0.4270279024328504,0.30455439431326725,0.435936838388443,0.316700130701065,True,2,54.0,2738.327148,2.0,2 -> 2.0,0.20106699999996636
54,2738.327148,380,2738.3432925,157.35600000016348,1.1570827284433776,0.44806525111198425,0.30363281567891437,0.4403411746025085,0.3183070719242096,True,2,55.0,2738.494703,2.0,2 -> 2.0,0.16755499999999302
55,2738.494703,385,2738.5046835000003,217.87749999930384,1.3560517156434266,0.5041528157889843,0.290293913334608,0.4924715459346771,0.3184022605419159,True,2,56.0,2738.729281,2.0,2 -> 2.0,0.2345780000000559
56,2738.729281,392,2738.7265955,217.8780000003826,1.1644983919277905,0.5157353367124285,0.3164488800934383,0.512134850025177,0.3249700963497162,True,2,57.0,2738.963859,5.0,2 -> 5.0,0.2345780000000559
57,2738.963859,399,2738.9485085,217.87749999975856,0.7052209450784125,0.53147839648383,0.3482958333832877,0.5272194743156433,0.3390094637870788,True,5,58.0,2739.164925,5.0,5 -> 5.0,0.20106600000008257
58,2739.164925,405,2739.1704205,217.87799999992785,1.2892340952033243,0.5391584634780884,0.3510952964425087,0.5444689393043518,0.330118715763092,True,5,59.0,2739.399503,5.0,5 -> 5.0,0.2345780000000559
59,2739.399503,412,2739.3923335,217.87750000021333,0.7002207361849937,0.5194922855922154,0.3375371822289058,0.5213754177093506,0.3324197232723236,True,5,60.0,2739.60057,5.0,5 -> 5.0,0.20106699999996636
60,2739.60057,418,2739.6142455,217.87799999992785,0.8145220287162409,0.4913334362208843,0.35372919961810106,0.5058213472366333,0.3556444346904754,True,5,61.0,2739.835147,5.0,5 -> 5.0,0.23457699999971737
61,2739.835147,425,2739.836158,217.87799999992785,0.9623672207488874,0.48874637112021446,0.34963383898139,0.5080045461654663,0.3488980531692505,True,5,62.0,2740.069725,2.0,5 -> 2.0,0.2345780000000559
62,2740.069725,432,2740.0580705,217.87799999992785,0.9735711100947944,0.4932578078338078,0.3327190748282841,0.4983651041984558,0.3129110038280487,True,2,63.0,2740.270792,2.0,2 -> 2.0,0.20106699999996636
63,2740.270792,438,2740.2799830000004,217.8779999994731,1.2161670761842989,0.49211575463414187,0.3020468242466449,0.4938304424285888,0.3098469376564026,True,2,64.0,2740.505369,2.0,2 -> 2.0,0.23457700000017212
64,2740.505369,445,2740.5018955,217.87799999992785,0.5633120523931557,0.5082885750702449,0.3162864148616791,0.4948337376117706,0.3092411756515503,True,2,65.0,2740.739947,2.0,2 -> 2.0,0.2345780000000559
65,2740.739947,452,2740.723808,217.8780000003826,0.5410669325248777,0.5090059978621346,0.3095913699695042,0.5026752948760986,0.3104796111583709,True,2,66.0,2740.941014,2.0,2 -> 2.0,0.20106699999996636
66,2740.941014,458,2740.9457205,217.87750000021333,0.5730719755269411,0.4959085993468761,0.3167164959013462,0.4989772140979767,0.3049535453319549,True,2,67.0,2741.175591,2.0,2 -> 2.0,0.23457700000017212
67,2741.175591,465,2741.167633,217.8780000003826,0.947963067134046,0.5040472490446908,0.32606487614767893,0.5045561790466309,0.3268169164657593,True,2,68.0,2741.376658,5.0,2 -> 5.0,0.20106699999996636
68,2741.376658,471,2741.3895455,217.87750000021333,0.3997018909533365,0.5149714276194572,0.3665926046669483,0.512451171875,0.3723512887954712,True,5,69.0,2741.611235,5.0,5 -> 5.0,0.23457699999971737
69,2741.611235,478,2741.6114580000003,217.8779999994731,0.3832703038714212,0.5195324644446373,0.3596319481730461,0.5222566723823547,0.3608875572681427,True,5,70.0,2741.845813,5.0,5 -> 5.0,0.2345780000000559
70,2741.845813,485,2741.8333705,217.87749999975856,0.3616630227313311,0.5227418712207249,0.3637479415961674,0.5250033736228943,0.3683401346206665,True,5,71.0,2742.04688,5.0,5 -> 5.0,0.20106699999996636
71,2742.04688,491,2742.055283,217.87750000021333,0.529396140744397,0.5160977244377136,0.3622406236827373,0.514110803604126,0.365181565284729,True,5,72.0,2742.281457,5.0,5 -> 5.0,0.23457700000017212
72,2742.281457,498,2742.277195,217.8780000003826,0.6120804771182013,0.5053690842219761,0.37497858916010174,0.5121528506278992,0.3714520633220672,True,5,73.0,2742.482524,5.0,5 -> 5.0,0.20106699999996636
73,2742.482524,504,2742.499108,217.87750000021333,0.4638341220144567,0.49679050594568247,0.3692709617316723,0.502669632434845,0.374056339263916,True,5,74.0,2742.717102,5.0,5 -> 5.0,0.2345780000000559
74,2742.717102,511,2742.72102,217.8780000003826,0.5018477524184558,0.4879973269999027,0.3634285442531109,0.4923419952392578,0.3607041239738464,True,5,75.0,2742.951679,5.0,5 -> 5.0,0.23457699999971737
75,2742.951679,518,2742.9429325,217.87799999992785,0.6438012324548991,0.491021875824247,0.3669926609311785,0.4932940602302551,0.3640162348747253,True,5,76.0,2743.152746,5.0,5 -> 5.0,0.2010670000004211
76,2743.152746,524,2743.1648455,112.97349999995276,0.9491120735824302,0.48731552958488467,0.3352738082408905,0.4856404662132263,0.3363429009914398,True,5,79.0,2743.990523,1.0,5 -> 1.0,0.8377769999997327
79,2743.990523,549,2743.8547915,217.87750000021333,1.4456086599117024,0.321903645992279,0.3287322521209717,0.321903645992279,0.3287322521209717,True,1,80.0,2744.292123,2.0,1 -> 2.0,0.301600000000235
80,2744.292123,558,2744.2945815000003,112.97399999966729,1.4413215848338188,0.5175153911113739,0.2617611736059189,0.5340534448623657,0.2668885886669159,True,2,81.0,2744.426168,2.0,2 -> 2.0,0.13404499999978725
81,2744.426168,562,2744.41159,88.76500000042142,1.4663425878133332,0.5274350841840109,0.3159501751263936,0.5280649662017822,0.3165381550788879,True,2,82.0,2744.49319,5.0,2 -> 5.0,0.0670220000001791
82,2744.49319,564,2744.5043895,217.8780000003826,1.0974727318785236,0.4934590288570949,0.35974736298833576,0.498274028301239,0.3612454831600189,True,5,83.0,2744.727767,5.0,5 -> 5.0,0.23457699999971737
83,2744.727767,571,2744.7263025,169.4600000000719,1.4108481667459334,0.49717117349306744,0.3919016867876053,0.5111700892448425,0.3933503627777099,True,5,84.0,2744.895323,5.0,5 -> 5.0,0.16755600000033155
84,2744.895323,576,2744.8997975,217.8779999994731,0.9773222289543456,0.5038087889552116,0.3822140358388424,0.5070100426673889,0.4005164802074432,True,5,85.0,2745.129901,5.0,5 -> 5.0,0.23457799999960116
85,2745.129901,583,2745.1217100000003,217.87749999975856,0.7129821398867188,0.48697044593947275,0.34619172130312237,0.4959368109703064,0.3633375465869903,True,5,86.0,2745.330967,5.0,5 -> 5.0,0.20106600000008257
86,2745.330967,589,2745.3436225,217.87749999975856,1.1763982613278094,0.4918598420917988,0.3536953218281269,0.4952698349952698,0.3530634343624115,True,5,87.0,2745.565545,5.0,5 -> 5.0,0.2345780000000559
87,2745.565545,596,2745.565535,217.8780000003826,0.6952060074435158,0.5062699429690838,0.35829950124025345,0.4960819184780121,0.3549399673938751,True,5,88.0,2745.800123,2.0,5 -> 2.0,0.2345780000000559
88,2745.800123,603,2745.7874475,217.87750000021333,0.6914069127916581,0.5262486210891179,0.30651256654943737,0.5046432018280029,0.3421418666839599,True,2,89.0,2746.001189,5.0,2 -> 5.0,0.20106600000008257
89,2746.001189,609,2746.00936,217.87750000021333,0.6351547875877936,0.5226921513676643,0.35437436029314995,0.5078782439231873,0.3420280814170837,True,5,90.0,2746.235767,5.0,5 -> 5.0,0.2345780000000559
90,2746.235767,616,2746.231272,217.87799999992785,0.8150031972735683,0.506486679826464,0.3804172788347517,0.5014030933380127,0.3806163668632507,True,5,91.0,2746.436833,2.0,5 -> 2.0,0.20106600000008257
91,2746.436833,622,2746.4531850000003,217.87749999975856,0.5067124512935641,0.4749750345945358,0.32904563285410404,0.5190247893333435,0.354678213596344,True,2,92.0,2746.671411,5.0,2 -> 5.0,0.23457799999960116
92,2746.671411,629,2746.6750970000003,217.8779999994731,0.5145430679505338,0.47807559184730053,0.33926214277744293,0.1682204455137252,0.1301084160804748,True,5,93.0,2746.905989,5.0,5 -> 5.0,0.2345780000000559
93,2746.905989,636,2746.89701,217.87750000021333,0.5971242203857688,0.5246121031897408,0.36191496678761076,0.5202555656433105,0.3573957979679107,True,5,94.0,2747.107055,5.0,5 -> 5.0,0.20106600000008257
94,2747.107055,642,2747.118922,217.87799999992785,0.758287344189069,0.5272147729992867,0.34773191809654236,0.5274851322174072,0.352083683013916,True,5,95.0,2747.341633,5.0,5 -> 5.0,0.2345780000000559
95,2747.341633,649,2747.3408345,217.8780000003826,0.8925008208003038,0.5072145632335118,0.35131298644202097,0.5077312588691711,0.3617870211601257,True,5,96.0,2747.576211,5.0,5 -> 5.0,0.2345780000000559
96,2747.576211,656,2747.562747,217.87799999992785,0.9239565892821816,0.48231273889541626,0.3988324701786041,0.4855288565158844,0.3702987432479858,True,5,97.0,2747.777277,5.0,5 -> 5.0,0.20106600000008257
97,2747.777277,662,2747.7846595,217.87799999992785,1.1253776852425283,0.48001592233777046,0.347497895359993,0.4848650991916656,0.3530825078487396,True,5,98.0,2748.011855,2.0,5 -> 2.0,0.2345780000000559
98,2748.011855,669,2748.006572,209.80799999961164,1.0561114011009982,0.49174919724464417,0.3310949461800711,0.4909997284412384,0.329179972410202,True,2,101.0,2748.715588,5.0,2 -> 5.0,0.7037329999998292
101,2748.715588,690,2748.700553,217.87749999975856,1.2925425218000954,0.5620585680007935,0.3546046188899449,0.5393811464309692,0.3613458275794983,True,5,102.0,2748.916655,5.0,5 -> 5.0,0.20106699999996636
102,2748.916655,696,2748.9224655,217.8780000003826,0.3802273507772333,0.5483151376247406,0.39844923093914986,0.5415297746658325,0.3913032710552215,True,5,103.0,2749.151232,5.0,5 -> 5.0,0.23457700000017212
103,2749.151232,703,2749.144378,157.35600000016348,1.4204212109261385,0.5394741535186768,0.367257410287857,0.5416562557220459,0.3651475012302398,True,5,104.0,2749.318788,2.0,5 -> 2.0,0.1675559999998768
104,2749.318788,708,2749.3057685000003,217.8779999994731,0.522651051189716,0.5412868005888802,0.3221608144896371,0.5385057330131531,0.329474002122879,True,2,105.0,2749.519854,2.0,2 -> 2.0,0.20106600000008257
105,2749.519854,714,2749.5276815,217.87750000021333,1.205880431644452,0.5148352980613708,0.32806637138128275,0.5202638506889343,0.3336082398891449,True,2,106.0,2749.754432,2.0,2 -> 2.0,0.2345780000000559
106,2749.754432,721,2749.7495935,217.8780000003826,0.6239782501433642,0.47354808023997713,0.30598763057163786,0.5093851089477539,0.3240714967250824,True,2,107.0,2749.955499,2.0,2 -> 2.0,0.20106699999996636
107,2749.955499,727,2749.971506,217.87799999992785,0.5292128207958556,0.49767670407891273,0.33138491585850716,0.507448673248291,0.3234893679618835,True,2,108.0,2750.190076,2.0,2 -> 2.0,0.23457699999971737
108,2750.190076,734,2750.1934185,217.8780000003826,1.4413671486267867,0.48627138137817383,0.3302493877708912,0.4882566332817077,0.3305912911891937,True,2,109.0,2750.424654,5.0,2 -> 5.0,0.2345780000000559
109,2750.424654,741,2750.415331,205.77349999985017,1.3704520825583604,0.4729866257735661,0.3695084920951298,0.4678237438201904,0.3677898049354553,True,5,110.0,2750.625721,5.0,5 -> 5.0,0.20106699999996636
110,2750.625721,747,2750.625139,217.87799999992785,0.6199906713183396,0.5001892192023141,0.3736465999058315,0.4915826022624969,0.3847479522228241,True,5,111.0,2750.860298,5.0,5 -> 5.0,0.23457700000017212
111,2750.860298,754,2750.847052,217.87750000021333,0.9471393333722276,0.5221162353243146,0.37260720133781433,0.5101363658905029,0.3733613193035126,True,5,112.0,2751.061365,5.0,5 -> 5.0,0.20106699999996636
112,2751.061365,760,2751.068964,217.87799999992785,0.4902649966636723,0.5441768914461136,0.40060113742947573,0.5438599586486816,0.3908142745494842,True,5,113.0,2751.295942,5.0,5 -> 5.0,0.23457700000017212
113,2751.295942,767,2751.290877,217.87749999975856,0.5557272185281242,0.553869196346828,0.3866394204752786,0.5501639246940613,0.3879917860031128,True,5,114.0,2751.497009,5.0,5 -> 5.0,0.20106699999996636
114,2751.497009,773,2751.512789,112.97400000012205,1.4201153544409149,0.5470872163772583,0.3687659084796905,0.5548489689826965,0.3612691760063171,True,5,115.0,2751.631053,5.0,5 -> 5.0,0.13404399999990346
115,2751.631053,777,2751.629798,217.8770000000441,0.7683695789674138,0.5179019314902169,0.3770600003855569,0.5217736959457397,0.374035507440567,True,5,116.0,2751.865631,5.0,5 -> 5.0,0.2345780000000559
116,2751.865631,784,2751.85171,217.87799999992785,0.7630648962286852,0.49100465859685627,0.3709867809500013,0.5045833587646484,0.3779281079769134,True,5,117.0,2752.066698,5.0,5 -> 5.0,0.20106699999996636
117,2752.066698,790,2752.073623,217.8770000000441,0.6294741163401664,0.4917307843764623,0.3488850891590118,0.5014036893844604,0.3591637015342712,True,5,118.0,2752.301275,5.0,5 -> 5.0,0.23457699999971737
118,2752.301275,795,2752.295535,217.87799999992785,1.0120859439186545,0.4714030921459198,0.3464861512184143,0.4735750257968902,0.3540398180484772,True,5,119.0,2752.502342,5.0,5 -> 5.0,0.2010670000004211
119,2752.502342,801,2752.517448,217.8770000000441,0.407515407436121,0.4728352501988411,0.34778475761413574,0.4773129522800445,0.3431956470012665,True,5,120.0,2752.73692,5.0,5 -> 5.0,0.23457799999960116
120,2752.73692,808,2752.73936,217.87749999975856,1.0541449211392957,0.5015696473419666,0.3530949391424656,0.4762418568134308,0.3471168577671051,True,5,121.0,2752.971497,5.0,5 -> 5.0,0.23457700000017212
121,2752.971497,815,2752.9612725,217.87750000021333,0.7843313630664176,0.4990749955177307,0.36502870491572786,0.494998961687088,0.3619383871555328,True,5,122.0,2753.172564,5.0,5 -> 5.0,0.20106699999996636
122,2753.172564,821,2753.183185,217.87750000021333,0.8296629705223175,0.5018210783600807,0.360795721411705,0.5138343572616577,0.3578833043575287,True,5,123.0,2753.407142,5.0,5 -> 5.0,0.2345780000000559
123,2753.407142,828,2753.4050975,217.87799999992785,0.8646493694272464,0.5385781952313015,0.35284187964030667,0.532284140586853,0.3547543883323669,True,5,124.0,2753.641719,2.0,5 -> 2.0,0.23457700000017212
124,2753.641719,835,2753.62701,217.87750000021333,0.6723565129569012,0.5324490070343018,0.32991201536996023,0.5328356623649597,0.3397179841995239,True,2,125.0,2753.842786,2.0,2 -> 2.0,0.20106699999996636
125,2753.842786,841,2753.8489225000003,217.8779999994731,0.4771385105813662,0.5064755529165268,0.32353692874312395,0.532945990562439,0.350926786661148,True,2,126.0,2754.077364,5.0,2 -> 5.0,0.2345780000000559
126,2754.077364,848,2754.070835,217.87749999975856,0.95126372673881,0.5322252682277134,0.34907886385917664,0.5272351503372192,0.3458461165428161,True,5,127.0,2754.27843,5.0,5 -> 5.0,0.20106599999962782
127,2754.27843,854,2754.2927475,217.8780000003826,1.1664192540775469,0.5045852176845074,0.36133014410734177,0.5121645927429199,0.364623486995697,True,5,128.0,2754.513008,5.0,5 -> 5.0,0.2345780000000559
128,2754.513008,861,2754.51466,217.87750000021333,1.0915963670600508,0.47037044540047646,0.3560163788497448,0.4580453634262085,0.3772010505199432,True,5,129.0,2754.747585,5.0,5 -> 5.0,0.23457700000017212
129,2754.747585,868,2754.7365725,217.87799999992785,0.7707209829057297,0.46196722984313965,0.36071515509060453,0.4634755551815033,0.3665371537208557,True,5,130.0,2754.948652,5.0,5 -> 5.0,0.20106699999996636
130,2754.948652,874,2754.958485,100.86950000004435,0.545309874737541,0.45561024546623224,0.3697140589356422,0.4567211270332336,0.364917904138565,True,5,133.0,2755.451319,5.0,5 -> 5.0,0.5026669999997466
133,2755.451319,889,2755.466866,217.8780000003826,1.4723633960566131,0.4219656325876712,0.35937749594449997,0.4209743738174438,0.3598622977733612,True,5,134.0,2755.685896,5.0,5 -> 5.0,0.23457700000017212
134,2755.685896,896,2755.6887785,217.8780000003826,0.4270094614455114,0.45468294993042946,0.3738635294139385,0.4512506127357483,0.3758063614368438,True,5,135.0,2755.920474,5.0,5 -> 5.0,0.2345780000000559
135,2755.920474,903,2755.910691,205.77349999985017,1.3942776920340396,0.4754444147859301,0.377700788634164,0.4819152355194092,0.3737750947475433,True,5,136.0,2756.322607,5.0,5 -> 5.0,0.4021330000000489
136,2756.322607,915,2756.338377,217.87799999992785,0.9813307841354184,0.47702340036630625,0.35347761213779444,0.4784841239452362,0.3489949107170105,True,5,137.0,2756.557185,5.0,5 -> 5.0,0.2345780000000559
137,2756.557185,922,2756.5602895,217.87750000021333,1.0248303315934948,0.492092166095972,0.36083541437983513,0.4902756512165069,0.3623310029506683,True,5,138.0,2756.791762,2.0,5 -> 2.0,0.23457699999971737
138,2756.791762,929,2756.7822020000003,189.63399999938704,1.4929623044546687,0.4496302828192711,0.3184504608313242,0.4870227575302124,0.3602389693260193,True,2,139.0,2756.959318,2.0,2 -> 2.0,0.16755600000033155
139,2756.959318,934,2756.975871,217.87799999992785,0.885959486049723,0.46467196196317667,0.3152650184929371,0.4699864685535431,0.3134347200393677,True,2,140.0,2757.193896,2.0,2 -> 2.0,0.2345780000000559
140,2757.193896,941,2757.197784,217.8770000000441,0.5023278688652791,0.46944897621870035,0.3107558749616146,0.4645396173000335,0.3084856271743774,True,2,141.0,2757.428473,2.0,2 -> 2.0,0.23457699999971737
141,2757.428473,948,2757.419696,84.73000000003594,1.2964686387615758,0.4542374610900879,0.3071966469287872,0.4598175585269928,0.3033419251441955,True,2,142.0,2757.495495,2.0,2 -> 2.0,0.0670220000001791
142,2757.495495,950,2757.508461,177.5300000003881,1.4024315356168098,0.5092726349830627,0.3246106931141445,0.514641284942627,0.3253094851970672,True,2,143.0,2757.696562,2.0,2 -> 2.0,0.20106699999996636
143,2757.696562,956,2757.690026,177.52999999993335,0.7422433397318268,0.5033621937036514,0.3000915348529815,0.5157502293586731,0.3017401993274688,True,2,144.0,2757.864118,2.0,2 -> 2.0,0.1675559999998768
144,2757.864118,961,2757.87966,108.9390000001913,1.4786858027495735,0.4189933598041534,0.3309259951114655,0.4109610021114349,0.3396863639354706,True,2,145.0,2757.998162,2.0,2 -> 2.0,0.13404399999990346
145,2757.998162,965,2757.9926335,217.87799999992785,1.1596850549412012,0.3857862055301666,0.3318603549684797,0.3988994359970093,0.3337028324604034,True,2,146.0,2758.199228,5.0,2 -> 5.0,0.20106600000008257
146,2758.199228,971,2758.214546,217.8779999994731,1.0617154858179512,0.3712090868502855,0.34642935916781425,0.3974032700061798,0.3373852074146271,True,5,147.0,2758.433806,5.0,5 -> 5.0,0.2345780000000559
147,2758.433806,978,2758.4364585,108.9390000001913,0.9595639380759584,0.40734967589378357,0.3560413122177124,0.4086947739124298,0.3585786819458008,True,5,150.0,2758.936473,5.0,5 -> 5.0,0.5026670000002014
150,2758.936473,993,2758.9287005,217.87799999992785,1.4267091881783167,0.4199992162840707,0.3633537335055214,0.4155662357807159,0.3598650693893432,True,5,151.0,2759.137539,5.0,5 -> 5.0,0.20106599999962782
151,2759.137539,999,2759.1506135,217.87799999992785,1.2190059898655732,0.4579277038574219,0.3792036101222038,0.4539673924446106,0.3819315731525421,True,5,152.0,2759.372117,5.0,5 -> 5.0,0.2345780000000559
152,2759.372117,1006,2759.372526,217.87749999975856,0.6423485322706508,0.4700934886932373,0.3775845803320408,0.4720578789710998,0.3702239990234375,True,5,153.0,2759.606695,5.0,5 -> 5.0,0.2345780000000559
153,2759.606695,1013,2759.5944385,217.87750000021333,0.7652089329061559,0.48373854586056303,0.35802051424980164,0.4799543023109436,0.3586534261703491,True,5,154.0,2759.807761,5.0,5 -> 5.0,0.20106600000008257
154,2759.807761,1019,2759.8163510000004,217.87749999975856,0.8181703367381519,0.4631569944322109,0.3461065851151943,0.4612340033054352,0.3568169474601745,True,5,155.0,2760.042339,5.0,5 -> 5.0,0.2345780000000559
155,2760.042339,1026,2760.0382635,217.87749999975856,0.8490226135297875,0.4461569700922285,0.34175064308302744,0.456584095954895,0.3345209658145904,True,5,156.0,2760.276916,2.0,5 -> 2.0,0.23457699999971737
156,2760.276916,1033,2760.260176,217.87750000021333,0.8286930985067655,0.448029169014522,0.31662542479378836,0.4463385641574859,0.31527841091156,True,2,157.0,2760.477983,2.0,2 -> 2.0,0.2010670000004211
157,2760.477983,1039,2760.4820885,217.87750000021333,0.6759055911564267,0.4460265040397644,0.3324121870100498,0.4449475109577179,0.3282136917114258,True,2,158.0,2760.712561,5.0,2 -> 5.0,0.23457799999960116
158,2760.712561,1046,2760.704001,217.8770000000441,1.0824607701661864,0.41068369150161743,0.3410334459372929,0.4094147980213165,0.3500829339027405,True,5,159.0,2760.913627,5.0,5 -> 5.0,0.20106600000008257
159,2760.913627,1052,2760.925913,217.87799999992785,0.5847014659440232,0.43048984557390213,0.35890012979507446,0.4298780560493469,0.3554476201534271,True,5,160.0,2761.148205,2.0,5 -> 2.0,0.2345780000000559
160,2761.148205,1059,2761.1478260000004,137.1819999994841,1.096736482262244,0.4100249886512756,0.32565538287162776,0.4442461133003235,0.3484791815280914,True,2,161.0,2761.282249,5.0,2 -> 5.0,0.13404399999990346
161,2761.282249,1063,2761.289043,217.8770000000441,0.6463772318662475,0.4933217577636242,0.36841796338558197,0.4981648027896881,0.3774266541004181,True,5,162.0,2761.516827,5.0,5 -> 5.0,0.2345780000000559
162,2761.516827,1070,2761.510955,217.8780000003826,1.1195840325970492,0.5212628671101162,0.34805790867124287,0.5199894309043884,0.3426188826560974,True,5,163.0,2761.717894,2.0,5 -> 2.0,0.20106699999996636
163,2761.717894,1076,2761.732868,217.8770000000441,0.9138237566528968,0.5338196754455566,0.3324004039168358,0.5330975651741028,0.3372461795806885,True,2,164.0,2761.952471,2.0,2 -> 2.0,0.23457700000017212
164,2761.952471,1083,2761.95478,217.8780000003826,1.0384696735594443,0.5179880112409592,0.33004915341734886,0.5150803923606873,0.3228426575660705,True,2,165.0,2762.187049,2.0,2 -> 2.0,0.2345780000000559
165,2762.187049,1090,2762.1766930000003,217.8770000000441,0.8867756573876394,0.4889061798652013,0.30298597117265064,0.4991101026535034,0.3129155337810516,True,2,166.0,2762.421627,5.0,2 -> 5.0,0.2345780000000559
166,2762.421627,1097,2762.410709,217.8780000003826,1.4775289162617862,0.4608077960354941,0.35249410782541546,0.4633300304412842,0.3597201704978943,True,5,167.0,2762.622693,5.0,5 -> 5.0,0.20106599999962782
167,2762.622693,1103,2762.632622,217.87749999975856,1.1907984904523383,0.436818677932024,0.36850813403725624,0.4431992769241333,0.360838919878006,True,5,168.0,2762.857271,5.0,5 -> 5.0,0.2345780000000559
168,2762.857271,1110,2762.854534,96.83500000028288,1.1996160324930023,0.43891892582178116,0.35974766314029694,0.4395104646682739,0.3653367161750793,True,5,169.0,2762.957804,5.0,5 -> 5.0,0.10053300000026866
169,2762.957804,1113,2762.9554035,217.87799999992785,0.8402740930826893,0.4203912317752838,0.3905700402600424,0.4073746800422668,0.3818076848983764,True,5,170.0,2763.192382,5.0,5 -> 5.0,0.2345780000000559
170,2763.192382,1120,2763.177316,80.69549999981973,1.4655119806567638,0.44174730777740473,0.37750163674354553,0.4361891150474548,0.3758718371391296,True,5,171.0,2763.259404,5.0,5 -> 5.0,0.06702199999972436
171,2763.259404,1122,2763.2620465,217.87799999992785,0.8613289964869583,0.48994053900241846,0.37054722383618355,0.4834282994270324,0.3689117133617401,True,5,172.0,2763.728559,5.0,5 -> 5.0,0.46915500000022803
172,2763.728559,1136,2763.7179755,217.8780000003826,0.9407068631386856,0.5100606083869934,0.39149301818438936,0.5141786932945251,0.3772752285003662,True,5,173.0,2763.929626,5.0,5 -> 5.0,0.20106699999996636
173,2763.929626,1142,2763.939888,217.87750000021333,0.5330977079533044,0.5237099006772041,0.3840043805539608,0.5211561918258667,0.3853573799133301,True,5,174.0,2764.164204,5.0,5 -> 5.0,0.2345780000000559
174,2764.164204,1149,2764.1618005,173.49500000000262,1.456543908189322,0.5036517679691315,0.37818001210689545,0.5013936161994934,0.3859153091907501,True,5,175.0,2764.331759,2.0,5 -> 2.0,0.16755499999999302
175,2764.331759,1154,2764.3393305,217.8780000003826,0.8624920561858149,0.47637697681784624,0.31369157508015627,0.4850053191184997,0.326005607843399,True,2,176.0,2764.566337,2.0,2 -> 2.0,0.2345780000000559
176,2764.566337,1161,2764.561243,217.87799999992785,1.473275624497653,0.4220748628888811,0.29464998628411976,0.4554972052574157,0.3052186667919159,True,2,177.0,2764.767403,2.0,2 -> 2.0,0.20106599999962782
177,2764.767403,1167,2764.7831555,129.11299999996118,1.2345239235487702,0.46435695290565493,0.3150322258472443,0.4618523120880127,0.3065110146999359,True,2,178.0,2764.934959,5.0,2 -> 5.0,0.16755600000033155
178,2764.934959,1172,2764.9243725,169.4604999997864,1.499281590926247,0.37303008635838825,0.3678073783715566,0.3170492649078369,0.3326573371887207,True,5,179.0,2765.102514,5.0,5 -> 5.0,0.16755499999999302
179,2765.102514,1177,2765.0978675,177.5300000003881,1.489774248654392,0.37829342981179553,0.3773546616236369,0.384663462638855,0.3685459792613983,True,5,180.0,2765.27007,5.0,5 -> 5.0,0.1675559999998768
180,2765.27007,1182,2765.2794325,217.87749999975856,1.389181648470286,0.44228062778711313,0.36775030940771103,0.4362016916275024,0.3681348860263824,True,5,181.0,2765.504648,5.0,5 -> 5.0,0.2345780000000559
181,2765.504648,1189,2765.501345,217.87749999975856,1.1491551218248353,0.47162378260067533,0.3478855277810778,0.4666938185691833,0.3476232290267944,True,5,182.0,2765.739225,5.0,5 -> 5.0,0.23457699999971737
182,2765.739225,1196,2765.7232575,217.87750000021333,0.951257041332424,0.47147523931094576,0.39039805105754305,0.4706737697124481,0.4037499725818634,True,5,183.0,2765.940292,5.0,5 -> 5.0,0.2010670000004211
183,2765.940292,1202,2765.94517,217.87750000021333,0.7939646796359757,0.4954434931278229,0.397810235619545,0.5033716559410095,0.3913482129573822,True,5,184.0,2766.17487,5.0,5 -> 5.0,0.23457799999960116
184,2766.17487,1209,2766.167082,217.8780000003826,0.9792234258268554,0.5000157313687461,0.41921945554869516,0.500017523765564,0.4192519783973694,True,5,185.0,2766.375936,5.0,5 -> 5.0,0.20106600000008257
185,2766.375936,1215,2766.3889950000003,217.87799999992785,0.6414131083290535,0.4739915430545807,0.4052497632801533,0.474584549665451,0.4055075943470001,True,5,186.0,2766.610514,5.0,5 -> 5.0,0.2345780000000559
186,2766.610514,1222,2766.6109075000004,217.87749999930384,1.3754425333181777,0.4434451311826706,0.4080706164240837,0.4474560022354126,0.4046253859996795,True,5,187.0,2766.845092,5.0,5 -> 5.0,0.2345780000000559
187,2766.845092,1229,2766.83282,217.87799999992785,0.954960456173034,0.41581437417439054,0.38593748211860657,0.4218718707561493,0.385473221540451,True,5,188.0,2767.046158,5.0,5 -> 5.0,0.20106600000008257
188,2767.046158,1235,2767.0547325,181.5645000001496,1.4406978700726285,0.3583842601094927,0.35443503516060965,0.3643691539764404,0.3540457189083099,True,5,189.0,2767.247225,2.0,5 -> 2.0,0.20106699999996636
189,2767.247225,1241,2767.2403320000003,217.87749999930384,0.7563153025539028,0.3390699965613229,0.32663698281560627,0.3421221673488617,0.3570688962936401,True,2,190.0,2767.448291,4.0,2 -> 4.0,0.20106600000008257
190,2767.448291,1247,2767.462244,217.87799999992785,1.0726506566886955,0.3275413438677787,0.335764866322279,0.3312703669071197,0.3583469092845917,True,4,191.0,2767.682869,4.0,4 -> 4.0,0.2345780000000559
191,2767.682869,1254,2767.6841565,108.93949999990582,1.3506475983341468,0.31314876675605774,0.36169227957725525,0.3151519000530243,0.3636015653610229,True,4,192.0,2767.783402,5.0,4 -> 5.0,0.10053299999981391
192,2767.783402,1257,2767.7971305,121.04300000009972,1.0457071511283853,0.35882880687713625,0.3518009543418884,0.3502497673034668,0.3534555733203888,True,5,193.0,2767.917447,5.0,5 -> 5.0,0.13404499999978725
193,2767.917447,1261,2767.9222085,137.1819999994841,1.4255653787631457,0.405392187833786,0.39220879673957826,0.4041247069835663,0.3857349157333374,True,5,194.0,2768.051491,5.0,5 -> 5.0,0.1340440000003582
194,2768.051491,1265,2768.0634255,100.86950000004435,1.4471971664929504,0.4247396066784858,0.34121919423341746,0.4431590735912323,0.3520576655864715,True,5,195.0,2768.152024,5.0,5 -> 5.0,0.10053299999981391
195,2768.152024,1268,2768.1683295000003,217.8779999994731,1.3312200538687968,0.4543371871113777,0.4005520716309547,0.4299778640270233,0.4027698934078216,True,5,196.0,2768.386602,5.0,5 -> 5.0,0.2345780000000559
196,2768.386602,1275,2768.390242,217.87749999975856,1.4791737197824364,0.5102880038321018,0.4171142056584358,0.4956467449665069,0.4144086241722107,True,5,197.0,2768.62118,5.0,5 -> 5.0,0.2345780000000559
197,2768.62118,1282,2768.6121545,217.8780000003826,1.4832472143043458,0.5848297902515956,0.3798457256385258,0.570595383644104,0.3767306506633758,True,5,198.0,2768.822246,5.0,5 -> 5.0,0.20106600000008257
198,2768.822246,1288,2768.834067,153.32149999994726,1.4464146010410168,0.5753378222386042,0.3596765299638112,0.6285240054130554,0.3858776688575744,True,5,199.0,2768.989802,6.0,5 -> 6.0,0.1675559999998768
199,2768.989802,1293,2768.991423,217.87749999975856,1.3848500578053329,0.6796590760350227,0.38473813980817795,0.680219829082489,0.3853264451026916,True,6,200.0,2769.25789,2.0,6 -> 2.0,0.2680879999998069
200,2769.25789,1301,2769.2698225000004,217.8779999994731,0.9922456978058182,0.5635500550270081,0.3166359588503837,0.5453240275382996,0.319402664899826,True,2,201.0,2769.492468,2.0,2 -> 2.0,0.2345780000000559
201,2769.492468,1308,2769.491735,169.4604999997864,1.3938767987664948,0.5747318466504415,0.32710489133993786,0.5710543394088745,0.310228168964386,True,2,202.0,2769.760557,3.0,2 -> 3.0,0.26808900000014546
202,2769.760557,1316,2769.7539955,169.4600000000719,1.392658586748943,0.7183742622534434,0.31303272147973377,0.6910418272018433,0.3416281044483185,True,3,203.0,2769.928112,5.0,3 -> 5.0,0.16755499999999302
203,2769.928112,1321,2769.92749,125.07850000019972,1.4837313546611233,0.6597227573394775,0.3461745917797089,0.6755378246307373,0.3163971900939941,True,5,204.0,2770.062157,2.0,5 -> 2.0,0.13404499999978725
204,2770.062157,1325,2770.056603,197.7034999999887,1.4305531156617806,0.6377419999667576,0.28368075830595835,0.6366410851478577,0.3100943863391876,True,2,205.0,2770.263223,2.0,2 -> 2.0,0.20106600000008257
205,2770.263223,1331,2770.2583415,92.80000000035216,1.3923007786375674,0.5517792254686356,0.2674897089600563,0.5834285020828247,0.2666976749897003,True,2,206.0,2770.363757,2.0,2 -> 2.0,0.10053400000015245
206,2770.363757,1334,2770.355176,217.87799999992785,1.1552808535623664,0.4497600297133128,0.2687829136848449,0.4926527738571167,0.2929518222808838,True,2,207.0,2770.564823,1.0,2 -> 1.0,0.20106600000008257
207,2770.564823,1340,2770.5770885,217.8779999994731,1.3904907787873642,0.31372816674411297,0.24599965848028654,0.391340434551239,0.2625421285629272,True,1,208.0,2770.832912,2.0,1 -> 2.0,0.2680889999996907
208,2770.832912,1348,2770.839349,84.73000000003594,1.47470669050555,0.3945787623524666,0.3239481523633003,0.4135222136974334,0.3259401619434356,True,2,209.0,2770.933445,1.0,2 -> 1.0,0.10053300000026866
209,2770.933445,1351,2770.9321485,145.25200000025507,1.4900604013909182,0.3034639159838359,0.26579415798187256,0.3189933896064758,0.270682543516159,True,1,210.0,2771.838245,2.0,1 -> 2.0,0.9047999999997955
210,2771.838245,1378,2771.852077,80.69500000010521,1.4306927549473258,0.659695585568746,0.21170826752980543,0.6434236168861389,0.2255494445562362,True,2,211.0,2771.938778,2.0,2 -> 2.0,0.10053300000026866
211,2771.938778,1381,2771.936807,80.69549999981973,1.3316880067672496,0.658006509145101,0.18749504288037613,0.6488137245178223,0.1947608590126037,True,2,212.0,2772.106334,2.0,2 -> 2.0,0.1675559999998768
212,2772.106334,1386,2772.114337,173.49500000000262,1.482285234906628,0.5052123963832855,0.23904671519994727,0.5503310561180115,0.207914113998413,True,2,213.0,2772.3074,2.0,2 -> 2.0,0.20106600000008257
213,2772.3074,1392,2772.291867,112.97350000040753,1.1608960662656704,0.518860287964344,0.29819121211767197,0.5253318548202515,0.2908453345298767,True,2,214.0,2772.508467,3.0,2 -> 3.0,0.20106699999996636
214,2772.508467,1398,2772.513779,80.695999999989,1.4827724868640126,0.6771243611971537,0.18330860137939445,0.6341925859451294,0.2071108222007751,True,3,215.0,2772.609,3.0,3 -> 3.0,0.10053299999981391
215,2772.609,1401,2772.5985095,96.83450000056835,1.3383938381575862,0.7383138239383698,0.2407518550753593,0.72941654920578,0.2060124427080154,True,3,216.0,2772.877089,7.0,3 -> 7.0,0.26808900000014546
216,2772.877089,1409,2772.891083,80.69500000010521,0.5486998128077709,0.19213999311129248,0.8424686392148336,0.1823966801166534,0.8372473120689392,True,7,217.0,2773.547311,2.0,7 -> 2.0,0.6702219999997396
217,2773.547311,1429,2773.546681,217.87750000021333,1.04103616949914,0.4457065582275391,0.1947009205818176,0.4041019082069397,0.2589666545391083,True,2,218.0,2774.351577,3.0,2 -> 3.0,0.8042660000000978
218,2774.351577,1453,2774.3415315,80.69499999965046,1.4780618568645394,0.7107436259587606,0.2715362509091695,0.6927828192710876,0.2983197867870331,True,3,219.0,2774.418599,6.0,3 -> 6.0,0.0670220000001791
219,2774.418599,1455,2774.4262615,153.32100000023274,1.479181110583119,0.6869294246037801,0.353878915309906,0.6790845990180969,0.3647586405277252,True,6,220.0,2774.619666,3.0,6 -> 3.0,0.20106699999996636
220,2774.619666,1461,2774.5836175,88.76499999996668,0.7176425735821258,0.7564695676167806,0.27240850528081256,0.7649742364883423,0.2696494460105896,True,3,221.0,2774.720199,2.0,3 -> 2.0,0.10053299999981391
221,2774.720199,1464,2774.7208,80.69499999965046,1.459790346245886,0.5922246177991232,0.22951674461364746,0.684592604637146,0.1813569664955139,True,2,222.0,2774.854244,2.0,2 -> 2.0,0.134045000000242
222,2774.854244,1468,2774.80553,201.7385000003742,0.6925797584076138,0.5670161445935568,0.2567175477743148,0.655564546585083,0.204334557056427,True,2,223.0,2775.021799,2.0,2 -> 2.0,0.16755499999999302
223,2775.021799,1473,2775.0234075,209.8080000000664,1.3980332579306771,0.5211646109819412,0.2909536489418575,0.4226852357387543,0.3505707383155823,True,2,224.0,2775.222866,2.0,2 -> 2.0,0.20106699999996636
224,2775.222866,1479,2775.2372505000003,165.4259999995702,1.4576847429826905,0.5990607465306917,0.25348579883575434,0.800155520439148,0.1170448511838913,True,2,225.0,2775.390421,2.0,2 -> 2.0,0.16755499999999302
225,2775.390421,1484,2775.406711,217.87799999992785,1.4677026211790911,0.5155094601213932,0.278587588109076,0.7727540731430054,0.1174236014485359,True,2,226.0,2775.859577,1.0,2 -> 1.0,0.4691560000001118
