fixationid,aoi_id,world_timestamp
2,Mid|5,8094.492037
3,Dashboard|6,8094.559059
4,Dashboard|7,8094.927682
4,Mid|2,8094.994704
5,Dashboard|7,8095.128748
6,Mid|2,8095.329815
6,Dashboard|8,8095.463859
7,Left|8,8095.631415
8,Mid|4,8095.664926
7,Mid|4,8095.664926
8,Left|2,8095.832482
9,Mid|4,8095.899504
9,Left|2,8096.033548
11,Mid|2,8096.268126
12,Left|2,8096.536215
12,Mid|2,8096.636748
13,Mid|6,8096.670259
13,Dashboard|8,8096.670259
14,Mid|8,8096.904837
15,Right|2,8097.608571
16,Dashboard|7,8099.753282
17,Dashboard|4,8099.820304
18,Dashboard|7,8099.920837
21,Right|4,8102.166082
23,Mid|8,8102.40066
24,Mid|5,8102.534704
25,Mid|5,8102.668749
26,Mid|5,8102.836304
27,Mid|5,8102.869815
28,Mid|4,8103.104393
29,Mid|1,8103.238438
31,Mid|5,8103.405993
30,Mid|6,8103.405993
31,Right|7,8103.439504
32,Mid|5,8103.506526
33,Mid|5,8103.707593
33,Right|8,8103.774615
34,Mid|5,8103.942171
35,Mid|5,8104.176749
36,Mid|5,8104.377815
37,Mid|5,8104.612393
38,Mid|5,8104.846971
39,Mid|5,8105.048038
40,Mid|5,8105.383149
41,Mid|5,8105.517193
42,Mid|5,8105.751771
43,Mid|5,8105.952838
44,Mid|5,8106.153904
45,Mid|5,8106.421993
46,Mid|5,8106.62306
47,Mid|5,8106.824127
48,Mid|5,8107.058704
48,Right|8,8107.159238
49,Mid|5,8107.259771
50,Mid|5,8107.494349
50,Right|2,8107.52786
51,Mid|5,8107.728927
52,Mid|5,8107.929993
53,Mid|5,8108.164571
54,Mid|5,8108.399149
55,Mid|5,8108.600216
56,Mid|5,8108.834793
56,Right|4,8108.868304
57,Mid|5,8109.03586
58,Mid|5,8109.270438
58,Right|8,8109.33746
59,Mid|5,8109.505016
60,Mid|5,8109.706082
60,Right|4,8109.739593
61,Mid|5,8109.94066
62,Mid|5,8110.175238
63,Mid|5,8110.376305
64,Mid|5,8110.610882
65,Mid|5,8110.811949
65,Right|7,8110.811949
64,Right|7,8110.811949
66,Mid|5,8111.046527
66,Right|2,8111.247593
67,Mid|5,8111.281105
68,Mid|5,8111.482171
68,Right|7,8111.582705
69,Mid|5,8111.716749
70,Mid|5,8111.917816
71,Mid|5,8112.152393
72,Right|8,8112.386971
71,Right|8,8112.386971
72,Mid|5,8112.420482
73,Mid|5,8112.588038
74,Right|7,8112.856127
74,Mid|5,8112.889638
75,Mid|5,8113.057194
76,Mid|5,8113.25826
77,Mid|5,8113.492838
78,Mid|5,8113.693905
78,Right|7,8113.928482
79,Right|7,8113.928482
79,Mid|5,8113.928482
80,Mid|5,8114.16306
81,Mid|5,8114.397638
82,Mid|5,8114.632216
83,Mid|5,8114.833282
84,Mid|5,8115.034349
85,Mid|5,8115.268927
86,Mid|5,8115.469994
87,Mid|5,8115.704571
88,Mid|5,8115.939149
89,Mid|5,8116.140216
90,Mid|5,8116.609371
90,Right|7,8116.810438
91,Mid|5,8116.843949
92,Mid|5,8117.17906
93,Mid|5,8117.380127
93,Right|7,8117.614705
94,Mid|5,8117.614705
94,Right|7,8117.614705
95,Mid|5,8117.815772
96,Mid|5,8118.050349
96,Right|7,8118.117372
97,Mid|5,8118.284927
98,Mid|5,8118.553016
99,Mid|5,8118.787594
99,Right|2,8118.955149
100,Mid|5,8119.089194
101,Mid|5,8119.256749
102,Mid|5,8119.457816
103,Mid|5,8119.692394
103,Right|7,8119.725905
104,Mid|5,8119.926972
104,Right|8,8119.993994
105,Mid|5,8120.128038
106,Mid|5,8120.362616
107,Mid|5,8120.597194
108,Mid|5,8120.798261
109,Mid|5,8121.032838
110,Mid|5,8121.233905
111,Mid|5,8121.468483
112,Mid|5,8121.703061
113,Mid|5,8121.904127
114,Mid|5,8122.138705
115,Mid|5,8122.373283
116,Mid|5,8122.57435
117,Mid|5,8122.808927
118,Mid|5,8123.009994
119,Mid|5,8123.244572
120,Mid|5,8123.47915
121,Mid|5,8123.680216
122,Mid|5,8123.914794
123,Mid|5,8124.149372
124,Mid|5,8124.350438
125,Mid|5,8124.585016
126,Mid|5,8124.786083
127,Mid|5,8125.020661
128,Mid|5,8125.255239
129,Mid|5,8125.456305
130,Mid|5,8125.690883
131,Mid|5,8125.925461
132,Mid|5,8126.126527
133,Mid|5,8126.361105
134,Mid|5,8126.562172
135,Mid|5,8126.79675
136,Mid|5,8127.031328
137,Dashboard|5,8127.634528
137,Right|1,8127.668039
138,Mid|5,8127.768572
139,Mid|5,8128.00315
140,Mid|5,8128.204216
140,Right|4,8128.30475
141,Mid|5,8128.438794
142,Mid|5,8128.673372
142,Right|7,8128.706883
143,Mid|5,8128.874439
143,Right|8,8129.041994
144,Mid|5,8129.109016
145,Mid|5,8129.310083
146,Mid|5,8129.544661
146,Right|2,8129.678705
147,Mid|5,8129.779239
148,Mid|5,8129.980305
149,Mid|5,8130.214883
150,Mid|5,8130.41595
151,Mid|2,8130.583505
151,Dashboard|8,8130.583505
152,Dashboard|5,8130.918617
152,Mid|2,8130.985639
153,Mid|5,8131.253728
154,Mid|5,8131.488305
154,Right|2,8131.62235
155,Mid|5,8131.689372
156,Mid|5,8131.92395
157,Mid|5,8132.326083
158,Mid|5,8132.560661
159,Mid|5,8132.761728
160,Mid|5,8132.996306
161,Mid|5,8133.230883
162,Mid|5,8133.43195
163,Mid|5,8133.666528
164,Mid|5,8133.901106
165,Mid|5,8134.135683
165,Right|2,8134.202706
166,Mid|5,8134.33675
167,Mid|5,8134.537817
168,Mid|5,8134.772395
169,Mid|5,8135.006972
170,Mid|5,8135.208039
170,Right|7,8135.409106
171,Mid|5,8135.442617
172,Right|3,8135.677195
172,Mid|5,8135.677195
173,Mid|5,8135.878261
174,Mid|5,8136.112839
174,Right|7,8136.179861
175,Mid|5,8136.313906
176,Mid|5,8136.548484
177,Mid|5,8136.783061
178,Mid|5,8136.984128
179,Mid|5,8137.218706
180,Mid|5,8137.453284
181,Mid|5,8137.65435
182,Mid|5,8137.888928
183,Mid|5,8138.089995
184,Mid|5,8138.324572
185,Mid|5,8138.55915
186,Mid|5,8138.760217
187,Mid|5,8139.028306
188,Mid|5,8139.195861
189,Mid|5,8139.430439
190,Mid|5,8139.665017
191,Mid|5,8139.866084
192,Mid|5,8140.100661
193,Mid|5,8140.335239
194,Mid|5,8140.536306
194,Right|7,8140.67035
195,Mid|5,8140.770884
196,Mid|5,8140.97195
196,Right|2,8141.005461
197,Mid|5,8141.206528
198,Mid|5,8141.407595
199,Mid|5,8141.642173
200,Mid|5,8141.87675
200,Right|7,8142.010795
201,Mid|5,8142.077817
202,Mid|5,8142.312395
203,Mid|5,8142.513462
204,Mid|5,8142.748039
205,Mid|5,8143.150173
206,Mid|5,8143.250706
207,Mid|5,8143.485284
208,Mid|5,8143.68635
208,Right|2,8143.820395
209,Mid|5,8143.920928
210,Mid|5,8144.121995
211,Mid|5,8144.356573
212,Mid|5,8144.557639
213,Mid|5,8144.792217
214,Mid|5,8145.026795
215,Mid|5,8145.227862
216,Mid|5,8145.462439
217,Mid|5,8145.697017
218,Mid|5,8145.898084
218,Right|4,8145.965106
219,Mid|5,8146.166173
220,Mid|5,8146.333728
221,Mid|5,8146.568306
221,Right|7,8146.802884
222,Mid|5,8146.802884
222,Right|7,8146.802884
223,Mid|5,8147.003951
224,Mid|5,8147.238528
225,Mid|5,8147.473106
226,Mid|5,8147.674173
227,Mid|5,8147.908751
228,Mid|5,8148.109817
229,Mid|5,8148.344395
230,Mid|5,8148.578973
231,Mid|5,8148.78004
232,Mid|5,8149.048129
233,Mid|5,8149.282706
234,Mid|5,8149.450262
235,Mid|5,8149.68484
236,Mid|5,8149.885906
237,Mid|5,8150.120484
238,Mid|5,8150.355062
238,Right|4,8150.388573
239,Mid|5,8150.556129
240,Mid|5,8150.790706
241,Mid|5,8151.025284
242,Mid|5,8151.226351
243,Right|2,8151.326884
242,Right|1,8151.326884
243,Mid|5,8151.326884
244,Mid|5,8151.527951
245,Mid|5,8151.762529
246,Mid|5,8151.963595
247,Mid|5,8152.198173
248,Mid|5,8152.332218
249,Mid|5,8152.533284
250,Mid|5,8152.767862
251,Mid|5,8153.035951
252,Mid|5,8153.203506
253,Mid|5,8153.438084
254,Mid|5,8153.639151
255,Mid|5,8153.90724
256,Mid|5,8154.108307
257,Mid|5,8154.309373
258,Mid|5,8154.543951
259,Mid|5,8154.745018
260,Mid|5,8154.979595
261,Mid|5,8155.214173
261,Right|7,8155.214173
260,Right|7,8155.214173
262,Mid|5,8155.482262
262,Right|8,8155.482262
263,Right|8,8155.649818
263,Mid|5,8155.649818
264,Mid|5,8155.884396
265,Mid|5,8156.085462
266,Mid|5,8156.32004
267,Mid|5,8156.521107
268,Mid|5,8156.755684
269,Mid|5,8156.990262
269,Right|1,8157.191329
270,Mid|5,8157.191329
270,Right|1,8157.191329
271,Mid|5,8157.425907
272,Mid|5,8158.062618
273,Mid|5,8158.230173
274,Mid|5,8158.464751
275,Mid|5,8158.598796
276,Mid|5,8158.866885
277,Mid|5,8159.101462
277,Right|7,8159.134973
278,Mid|5,8159.33604
279,Mid|5,8159.570618
280,Mid|5,8159.771685
281,Mid|5,8160.006262
282,Mid|5,8160.24084
283,Mid|5,8160.575951
283,Right|7,8160.743507
284,Mid|5,8160.810529
285,Mid|5,8161.011596
286,Mid|5,8161.212662
286,Right|1,8161.313196
287,Mid|5,8161.413729
288,Mid|5,8161.648307
289,Mid|5,8161.882885
290,Mid|5,8162.083951
290,Right|2,8162.251507
291,Mid|5,8162.318529
292,Mid|5,8162.519596
292,Right|7,8162.553107
293,Mid|5,8162.787685
294,Mid|5,8162.988751
295,Mid|5,8163.189818
296,Mid|5,8163.424396
297,Mid|5,8163.658974
298,Mid|5,8163.86004
299,Mid|5,8164.094618
299,Right|7,8164.228663
300,Mid|5,8164.295685
301,Mid|5,8164.530263
302,Mid|5,8164.76484
303,Mid|5,8164.965907
304,Mid|5,8165.435063
305,Mid|5,8165.66964
306,Mid|5,8165.870707
307,Mid|5,8166.239329
308,Mid|5,8166.440396
309,Mid|5,8166.674974
310,Dashboard|8,8166.943063
310,Mid|2,8166.943063
311,Mid|5,8167.345196
312,Mid|5,8167.546263
313,Mid|5,8167.780841
314,Mid|5,8168.015418
315,Mid|5,8168.685641
316,Mid|5,8168.886707
317,Mid|5,8169.121285
318,Mid|5,8169.322352
319,Mid|5,8169.556929
320,Mid|5,8169.791507
321,Mid|5,8169.992574
322,Mid|5,8170.528752
323,Mid|5,8170.76333
324,Mid|5,8170.997907
325,Mid|5,8171.198974
326,Mid|5,8171.433552
327,Mid|5,8171.66813
328,Mid|5,8171.869196
329,Mid|5,8172.103774
330,Mid|5,8172.304841
331,Mid|5,8172.539419
332,Mid|5,8172.773996
332,Right|7,8172.841019
333,Mid|5,8172.975063
334,Mid|5,8173.209641
335,Mid|5,8173.444219
336,Mid|5,8173.678796
337,Mid|5,8173.879863
338,Mid|5,8174.08093
339,Mid|5,8174.315507
340,Mid|5,8174.550085
341,Dashboard|7,8174.784663
342,Mid|5,8175.086263
343,Mid|5,8175.320841
344,Mid|5,8175.521908
345,Mid|5,8175.756485
346,Mid|5,8175.991063
346,Right|8,8176.024574
347,Mid|5,8176.259152
348,Mid|5,8176.49373
349,Mid|5,8176.661285
350,Mid|5,8176.862352
351,Mid|5,8177.09693
352,Mid|5,8177.331508
353,Mid|5,8177.532574
353,Right|8,8177.733641
354,Mid|5,8177.767152
355,Mid|5,8178.00173
356,Mid|5,8178.202797
357,Mid|5,8178.437374
357,Right|7,8178.504397
358,Mid|5,8178.638441
359,Mid|5,8178.940041
360,Right|1,8179.107597
359,Right|1,8179.107597
360,Mid|5,8179.107597
361,Mid|5,8179.308663
362,Mid|5,8179.543241
362,Right|4,8179.677286
363,Mid|5,8179.777819
364,Mid|5,8179.978886
365,Mid|5,8180.213463
366,Mid|5,8180.41453
367,Mid|5,8180.649108
367,Right|4,8180.783152
368,Mid|5,8180.883686
369,Mid|5,8181.084752
370,Mid|5,8181.31933
371,Mid|5,8181.553908
372,Mid|5,8181.754974
373,Mid|5,8181.989552
374,Mid|5,8182.190619
375,Mid|5,8182.425197
376,Mid|5,8182.659775
377,Mid|5,8182.860841
378,Mid|5,8183.095419
379,Mid|5,8183.329997
380,Mid|5,8183.531063
380,Right|7,8183.564575
381,Mid|5,8183.765641
382,Mid|5,8183.966708
383,Mid|5,8184.201286
384,Mid|5,8184.435864
385,Mid|5,8184.63693
386,Mid|5,8184.871508
387,Mid|5,8185.106086
387,Right|7,8185.24013
388,Mid|5,8185.307152
389,Mid|5,8185.54173
390,Mid|5,8185.742797
391,Mid|5,8185.977375
392,Mid|5,8186.681108
393,Mid|5,8186.882175
394,Mid|5,8187.116753
395,Dashboard|2,8187.485375
395,Mid|1,8187.518886
396,Mid|5,8187.921019
397,Mid|5,8188.122086
398,Mid|5,8188.356664
399,Mid|5,8188.591241
400,Mid|5,8188.792308
401,Mid|5,8189.026886
402,Mid|5,8189.227953
403,Mid|5,8189.46253
404,Mid|5,8189.697108
405,Mid|5,8189.898175
406,Mid|5,8190.132753
407,Mid|5,8190.769464
408,Mid|5,8190.97053
409,Mid|5,8191.205108
410,Mid|5,8191.305642
411,Mid|5,8191.540219
412,Mid|5,8191.741286
413,Mid|5,8191.975864
414,Mid|5,8192.176931
415,Mid|5,8192.411508
416,Mid|5,8192.646086
417,Mid|5,8192.847153
418,Mid|5,8193.081731
419,Mid|5,8193.316308
420,Mid|5,8193.517375
421,Mid|5,8193.751953
421,Right|8,8193.818975
422,Mid|5,8193.95302
423,Mid|5,8194.187597
424,Mid|5,8194.422175
425,Mid|5,8194.623242
426,Mid|5,8194.85782
427,Mid|5,8195.058886
428,Mid|5,8195.293464
429,Mid|5,8195.528042
430,Mid|5,8195.729108
431,Mid|5,8195.963686
432,Mid|5,8196.198264
433,Mid|5,8196.399331
434,Mid|5,8196.633909
435,Mid|5,8196.734442
436,Mid|5,8196.96902
436,Right|7,8197.103064
437,Mid|5,8197.203597
438,Mid|5,8197.438175
439,Mid|5,8197.538709
440,Mid|5,8197.739775
441,Mid|5,8197.974353
442,Mid|5,8198.242442
443,Mid|5,8198.443509
444,Mid|5,8198.644575
445,Mid|5,8198.745109
446,Mid|5,8198.979686
446,Right|7,8199.08022
447,Mid|5,8199.214264
448,Mid|5,8199.281286
449,Mid|5,8199.515864
450,Mid|5,8199.716931
451,Mid|5,8199.951509
452,Dashboard|8,8200.353642
453,Mid|5,8200.554709
454,Mid|5,8200.789286
455,Mid|5,8201.023864
456,Mid|5,8201.224931
457,Mid|5,8201.459509
458,Mid|5,8201.660575
458,Right|7,8201.79462
459,Mid|5,8201.895153
460,Mid|5,8202.129731
460,Right|7,8202.263775
461,Mid|5,8202.330798
462,Mid|5,8202.565375
463,Mid|5,8202.766442
464,Mid|5,8203.00102
465,Mid|5,8203.235598
466,Mid|5,8203.436664
467,Mid|5,8203.671242
468,Mid|5,8203.872309
469,Mid|5,8204.106887
470,Mid|5,8204.341464
471,Mid|5,8204.542531
472,Mid|5,8204.777109
472,Right|7,8204.844131
473,Mid|5,8205.011687
474,Mid|5,8205.212753
475,Mid|5,8205.447331
475,Right|7,8205.581376
476,Mid|5,8205.648398
477,Mid|5,8205.882976
478,Mid|5,8206.117553
479,Mid|5,8206.31862
480,Mid|5,8206.553198
481,Mid|5,8206.787776
482,Mid|5,8206.988842
483,Mid|5,8207.22342
484,Mid|5,8207.424487
485,Mid|5,8207.659065
486,Mid|5,8207.893642
487,Mid|5,8208.094709
488,Mid|5,8208.329287
489,Mid|5,8208.530354
490,Mid|5,8208.764931
491,Mid|5,8208.999509
492,Mid|5,8209.200576
493,Mid|5,8209.435154
494,Right|1,8209.669731
494,Mid|5,8209.669731
495,Mid|5,8209.870798
495,Right|1,8209.971331
496,Mid|5,8210.105376
497,Mid|5,8210.306442
498,Mid|5,8210.54102
499,Mid|5,8210.775598
500,Mid|5,8210.976665
501,Mid|5,8211.211243
502,Dashboard|5,8211.646887
503,Mid|5,8211.780931
504,Mid|5,8212.015509
505,Mid|5,8212.250087
506,Mid|5,8212.451154
507,Mid|5,8213.087865
508,Mid|5,8213.25542
509,Mid|5,8213.489998
510,Mid|5,8213.724576
511,Mid|5,8213.925643
512,Mid|5,8214.16022
513,Mid|5,8214.361287
514,Mid|5,8214.595865
515,Mid|5,8214.830443
516,Mid|5,8215.031509
517,Mid|5,8215.266087
518,Mid|5,8215.500665
519,Mid|5,8215.701732
520,Mid|5,8215.936309
521,Mid|5,8216.137376
522,Mid|5,8216.371954
523,Mid|5,8216.606532
524,Mid|5,8216.807598
525,Mid|5,8217.042176
526,Mid|5,8217.276754
527,Mid|5,8217.477821
528,Mid|5,8217.712398
529,Mid|5,8217.913465
530,Mid|5,8218.148043
531,Mid|5,8218.382621
532,Mid|5,8218.583687
531,Right|2,8218.583687
532,Right|2,8218.583687
533,Mid|5,8218.818265
534,Mid|5,8219.052843
535,Mid|5,8219.25391
536,Mid|5,8219.488487
537,Mid|5,8219.689554
538,Mid|5,8219.924132
539,Mid|5,8220.15871
540,Mid|5,8220.359776
541,Mid|5,8220.594354
542,Mid|5,8220.795421
543,Mid|5,8221.029999
544,Mid|5,8221.264576
545,Mid|5,8221.465643
545,Right|7,8221.633199
546,Mid|5,8221.700221
546,Right|8,8221.733732
547,Mid|5,8221.934799
548,Mid|5,8222.135865
549,Mid|5,8222.370443
550,Mid|5,8222.57151
551,Mid|5,8222.806088
552,Mid|5,8223.040665
553,Mid|5,8223.241732
554,Mid|5,8223.47631
555,Mid|5,8223.710888
556,Mid|5,8223.911954
556,Right|2,8223.945465
557,Mid|5,8224.146532
558,Mid|5,8224.347599
559,Mid|5,8224.582176
560,Mid|5,8224.816754
561,Mid|5,8225.017821
561,Right|7,8225.118354
562,Mid|5,8225.252399
563,Mid|5,8225.486977
564,Mid|5,8225.688043
565,Mid|5,8225.922621
566,Mid|5,8226.123688
567,Mid|5,8226.358265
568,Mid|5,8226.592843
569,Mid|5,8226.79391
570,Mid|5,8227.028488
571,Mid|5,8227.263065
572,Mid|5,8227.464132
573,Mid|5,8227.69871
574,Mid|5,8227.899777
575,Mid|5,8228.134354
576,Mid|5,8228.368932
577,Mid|5,8228.569999
578,Mid|5,8228.804577
579,Mid|5,8229.005643
580,Mid|5,8229.240221
580,Right|7,8229.374266
581,Mid|5,8229.474799
582,Mid|5,8229.675866
583,Mid|5,8229.910443
584,Mid|5,8230.145021
585,Mid|5,8230.379599
586,Mid|5,8230.580666
587,Mid|5,8230.781732
588,Mid|5,8231.01631
589,Mid|5,8231.250888
590,Mid|5,8231.451955
591,Mid|5,8231.720043
592,Mid|5,8231.92111
593,Mid|5,8232.122177
594,Mid|5,8232.356755
595,Mid|5,8232.557821
596,Mid|5,8232.792399
597,Mid|5,8233.026977
598,Mid|5,8233.228044
599,Mid|5,8233.462621
600,Mid|5,8233.697199
600,Right|7,8233.864755
601,Mid|5,8233.898266
602,Mid|5,8234.132844
603,Mid|5,8234.33391
604,Mid|5,8234.568488
604,Right|7,8234.736044
605,Mid|5,8234.803066
606,Mid|5,8234.903599
607,Mid|5,8235.138177
608,Mid|5,8235.372755
609,Mid|5,8235.573821
610,Mid|5,8235.808399
611,Mid|5,8236.076488
612,Mid|5,8236.177021
613,Mid|5,8236.411599
614,Mid|5,8236.579155
615,Mid|5,8236.813733
616,Mid|5,8237.04831
617,Mid|5,8237.517466
618,Mid|5,8237.752044
618,Right|7,8237.886088
619,Mid|5,8237.986622
620,Mid|5,8238.221199
621,Mid|5,8238.422266
622,Mid|5,8238.656844
623,Mid|5,8238.891422
624,Mid|5,8239.092488
624,Right|2,8239.260044
625,Mid|5,8239.360577
626,Mid|5,8239.528133
626,Right|1,8239.561644
627,Mid|5,8239.762711
627,Right|8,8239.863244
628,Mid|5,8239.997288
629,Mid|4,8240.198355
630,Mid|5,8240.432933
631,Mid|5,8240.633999
632,Mid|5,8240.868577
633,Mid|5,8241.103155
634,Mid|5,8241.304222
635,Mid|5,8241.538799
636,Mid|5,8241.773377
637,Mid|5,8241.974444
638,Mid|5,8242.209022
638,Right|2,8242.309555
639,Mid|5,8242.4436
640,Mid|5,8242.644666
641,Mid|5,8242.912755
642,Mid|5,8243.080311
643,Mid|5,8243.314888
644,Mid|5,8243.549466
645,Right|7,8243.750533
645,Mid|5,8243.750533
644,Right|7,8243.750533
646,Mid|5,8243.884577
647,Mid|5,8244.018622
647,Right|1,8244.152666
648,Mid|5,8244.320222
649,Mid|5,8244.521289
650,Mid|5,8244.755866
651,Mid|5,8244.990444
652,Mid|5,8245.191511
653,Mid|5,8245.426089
654,Mid|5,8245.660666
655,Mid|5,8245.861733
656,Mid|5,8246.096311
657,Mid|5,8246.297377
658,Mid|5,8246.531955
659,Mid|5,8246.800044
660,Mid|5,8246.9676
661,Mid|5,8247.202178
662,Mid|5,8247.436755
663,Mid|5,8247.637822
664,Mid|5,8247.8724
665,Mid|5,8248.073466
666,Mid|5,8248.308044
667,Mid|5,8248.542622
668,Mid|5,8248.743689
669,Mid|5,8249.346889
670,Mid|5,8249.514444
671,Mid|5,8249.682
672,Mid|5,8249.916578
673,Mid|5,8250.151155
674,Mid|5,8250.352222
675,Mid|5,8250.653822
676,Mid|5,8250.854889
677,Mid|4,8251.055955
678,Mid|5,8251.257022
679,Mid|5,8251.4916
680,Mid|5,8251.726178
681,Mid|5,8251.927244
682,Mid|5,8252.195333
683,Mid|5,8252.3964
684,Mid|5,8252.597467
684,Right|4,8252.698
685,Mid|5,8252.832044
686,Mid|5,8253.033111
687,Mid|5,8253.267689
688,Mid|5,8253.502267
689,Mid|5,8253.703333
690,Mid|5,8254.306533
691,Mid|5,8254.574622
692,Mid|5,8254.708667
693,Mid|5,8254.775689
694,Mid|5,8255.010267
695,Mid|5,8255.211333
696,Mid|5,8255.445911
697,Mid|5,8255.646978
697,Right|7,8255.848045
698,Mid|5,8255.881556
699,Mid|5,8256.116134
700,Mid|5,8256.3172
701,Mid|5,8256.585289
702,Mid|5,8256.752845
703,Mid|5,8256.987422
704,Mid|5,8257.222
705,Mid|5,8257.423067
706,Mid|5,8257.657645
707,Mid|5,8257.925734
708,Mid|5,8258.093289
709,Mid|5,8258.327867
710,Mid|5,8258.528934
711,Mid|5,8258.763511
712,Mid|5,8258.998089
713,Mid|5,8259.199156
714,Mid|5,8259.433734
714,Right|2,8259.433734
713,Right|2,8259.433734
715,Mid|5,8259.668311
716,Mid|5,8259.869378
716,Right|8,8260.036934
717,Mid|5,8260.103956
718,Mid|5,8260.338534
718,Right|7,8260.372045
719,Mid|5,8260.5396
719,Right|7,8260.573111
720,Mid|5,8260.774178
721,Mid|5,8260.975245
722,Mid|5,8261.209823
723,Mid|5,8261.4444
724,Mid|5,8261.645467
725,Mid|5,8261.880045
726,Dashboard|8,8262.114623
726,Right|2,8262.181645
726,Left|2,8262.181645
727,Mid|5,8262.382712
728,Mid|5,8262.617289
729,Mid|5,8262.851867
730,Mid|5,8263.052934
731,Mid|5,8263.287512
732,Mid|5,8263.522089
733,Mid|5,8263.723156
734,Mid|5,8263.957734
735,Mid|5,8264.158801
736,Mid|5,8264.393378
737,Mid|5,8264.627956
738,Mid|5,8264.829023
739,Mid|5,8265.063601
740,Mid|5,8265.264667
741,Mid|5,8265.499245
742,Mid|5,8265.733823
743,Mid|5,8265.93489
744,Mid|5,8266.202978
745,Mid|5,8266.404045
746,Mid|5,8266.605112
747,Mid|5,8266.83969
747,Right|7,8266.940223
748,Mid|5,8267.040756
749,Mid|5,8267.610445
750,Mid|5,8267.811512
751,Mid|5,8268.04609
752,Mid|5,8268.280667
753,Mid|5,8268.481734
754,Mid|5,8268.716312
755,Mid|5,8268.917379
756,Mid|5,8269.151956
757,Mid|5,8269.420045
758,Mid|5,8269.587601
759,Right|2,8269.822179
758,Right|1,8269.822179
759,Mid|5,8269.822179
760,Right|7,8270.358356
761,Right|7,8271.06209
762,Mid|5,8271.129112
763,Mid|5,8271.229645
764,Mid|8,8271.464223
765,Mid|5,8271.698801
766,Mid|6,8271.96689
767,Mid|9,8272.201468
768,Mid|5,8272.436045
769,Mid|5,8272.670623
770,Mid|9,8272.87169
771,Mid|9,8273.17329
772,Mid|9,8273.407868
773,Mid|9,8273.47489
774,Mid|5,8273.675957
775,Mid|5,8273.910534
776,Mid|9,8274.111601
777,Mid|8,8274.279157
778,Right|7,8274.513734
779,Right|7,8274.781823
779,Mid|2,8274.882357
780,Mid|9,8275.049912
781,Mid|9,8275.250979
782,Mid|5,8275.385023
783,Mid|5,8275.686623
783,Right|8,8275.787157
784,Mid|5,8275.88769
785,Mid|5,8276.122268
786,Mid|5,8276.356846
787,Mid|5,8276.557912
788,Mid|5,8276.79249
789,Mid|5,8276.993557
790,Dashboard|5,8277.295157
791,Dashboard|5,8277.39569
791,Mid|1,8277.429201
792,Mid|5,8277.563246
793,Mid|5,8277.764312
794,Mid|5,8277.99889
795,Mid|5,8278.233468
796,Mid|5,8278.434535
797,Mid|5,8278.669112
798,Mid|5,8278.870179
798,Right|7,8279.004223
799,Mid|5,8279.104757
800,Mid|5,8279.339335
801,Mid|5,8279.540401
802,Mid|5,8279.674446
803,Mid|5,8279.909024
804,Mid|5,8280.11009
805,Mid|2,8280.344668
805,Dashboard|8,8280.344668
806,Mid|5,8280.612757
807,Mid|5,8280.847335
808,Mid|5,8281.048401
809,Mid|5,8281.282979
810,Mid|5,8281.752135
811,Mid|5,8281.986712
812,Mid|5,8282.187779
813,Dashboard|8,8282.455868
814,Mid|5,8282.891513
815,Mid|5,8283.12609
816,Mid|5,8283.662268
817,Mid|5,8283.896846
818,Mid|5,8284.097913
818,Right|7,8284.131424
819,Mid|5,8284.33249
820,Mid|5,8284.567068
821,Mid|5,8284.768135
822,Mid|5,8285.002713
823,Mid|5,8285.203779
824,Mid|5,8285.438357
825,Mid|5,8285.672935
826,Mid|5,8285.874002
827,Mid|5,8286.108579
828,Mid|5,8286.343157
829,Mid|5,8286.544224
830,Dashboard|7,8286.845824
831,Mid|5,8287.214446
832,Mid|5,8287.415513
833,Mid|5,8288.454357
834,Mid|5,8288.655424
835,Mid|5,8288.789468
836,Mid|1,8289.091068
837,Dashboard|5,8289.225113
837,Mid|1,8289.258624
837,Right|6,8289.325646
838,Mid|5,8289.459691
839,Mid|5,8289.694268
840,Mid|5,8289.928846
841,Mid|5,8289.995868
842,Mid|4,8290.230446
843,Mid|5,8290.431513
844,Mid|5,8290.666091
845,Mid|5,8290.867157
844,Right|8,8290.867157
845,Right|8,8290.867157
846,Mid|5,8291.101735
847,Mid|5,8291.336313
848,Mid|5,8291.53738
849,Mid|5,8291.771957
849,Right|8,8291.939513
850,Mid|5,8292.006535
851,Mid|5,8292.241113
852,Mid|5,8292.509202
853,Mid|5,8292.576224
854,Mid|5,8292.810802
855,Mid|5,8293.011869
855,Right|7,8293.112402
856,Mid|5,8293.246446
857,Mid|5,8293.447513
858,Mid|5,8293.64858
859,Mid|5,8293.883157
859,Right|8,8293.95018
860,Mid|5,8294.084224
861,Mid|5,8294.352313
862,Mid|5,8294.419335
863,Mid|5,8294.653913
864,Mid|5,8294.821469
865,Mid|5,8295.056046
866,Mid|5,8295.290624
867,Mid|5,8295.391158
868,Dashboard|8,8295.625735
869,Mid|5,8295.960846
870,Mid|5,8296.195424
871,Mid|5,8296.430002
872,Mid|5,8296.530535
873,Mid|5,8296.765113
874,Dashboard|8,8296.932669
874,Right|3,8296.999691
875,Mid|5,8297.200758
876,Mid|5,8297.435335
877,Mid|5,8297.56938
878,Mid|5,8297.803958
878,Right|7,8298.005024
879,Mid|5,8298.038535
880,Mid|5,8298.239602
881,Mid|5,8298.47418
882,Mid|5,8298.708758
883,Mid|5,8298.909824
884,Mid|5,8299.144402
885,Mid|5,8299.345469
885,Right|4,8299.345469
884,Right|4,8299.345469
886,Mid|5,8299.580047
887,Mid|5,8299.814624
888,Dashboard|8,8299.98218
888,Right|5,8299.98218
889,Mid|5,8300.250269
890,Mid|5,8300.451336
891,Mid|5,8301.054536
892,Mid|5,8301.624225
893,Mid|5,8301.825291
893,Right|7,8302.059869
894,Right|7,8302.059869
894,Mid|5,8302.059869
895,Mid|5,8302.294447
896,Mid|5,8302.495513
897,Mid|5,8302.730091
898,Mid|5,8302.931158
899,Mid|5,8303.165736
900,Mid|5,8303.400313
901,Mid|5,8303.60138
902,Mid|5,8303.835958
903,Mid|5,8304.070536
904,Mid|5,8304.271602
905,Mid|5,8304.50618
906,Mid|5,8304.707247
907,Mid|5,8304.941825
908,Mid|5,8305.176402
909,Mid|5,8305.377469
910,Mid|5,8305.612047
911,Mid|5,8305.813114
912,Mid|5,8306.081202
913,Mid|5,8306.282269
914,Mid|5,8306.483336
914,Right|2,8306.650891
915,Mid|5,8306.717914
915,Right|8,8306.818447
916,Mid|5,8306.952491
917,Mid|5,8307.153558
918,Mid|5,8307.388136
919,Mid|5,8307.622714
920,Mid|5,8307.82378
921,Mid|5,8308.058358
922,Mid|5,8308.259425
923,Mid|5,8308.494003
924,Mid|5,8308.72858
925,Mid|5,8308.963158
926,Mid|5,8309.666892
927,Mid|5,8309.867958
927,Right|7,8309.93498
928,Mid|5,8310.069025
929,Mid|5,8310.303603
930,Mid|5,8310.437647
931,Mid|5,8310.638714
932,Mid|5,8310.873292
932,Right|1,8310.873292
931,Right|1,8310.873292
933,Mid|5,8311.107869
934,Mid|5,8311.308936
935,Mid|5,8312.314269
936,Mid|5,8312.481825
937,Mid|5,8312.917469
938,Mid|5,8313.018003
938,Right|7,8313.018003
939,Mid|5,8313.252581
939,Right|7,8313.420136
940,Mid|5,8313.453647
941,Mid|5,8313.688225
942,Mid|5,8313.922803
943,Mid|5,8314.12387
943,Right|1,8314.257914
944,Mid|5,8314.358447
945,Mid|5,8314.559514
946,Mid|5,8314.794092
947,Mid|5,8315.062181
948,Mid|5,8315.296758
949,Mid|5,8315.531336
950,Mid|5,8315.765914
951,Mid|5,8316.436136
952,Mid|5,8316.637203
953,Mid|5,8316.871781
954,Mid|5,8317.106359
955,Mid|5,8317.642536
956,Mid|5,8317.74307
957,Mid|5,8317.977647
958,Mid|5,8318.178714
959,Mid|5,8318.413292
959,Right|8,8318.580848
960,Mid|5,8318.64787
961,Mid|5,8318.848936
962,Mid|5,8319.083514
963,Mid|5,8319.284581
964,Mid|5,8319.519159
964,Right|7,8319.55267
965,Mid|5,8319.753736
966,Mid|5,8319.954803
967,Mid|5,8320.189381
968,Mid|5,8320.423959
969,Mid|5,8320.658537
970,Mid|5,8320.859603
971,Mid|5,8321.06067
971,Right|7,8321.127692
972,Mid|5,8321.295248
973,Mid|5,8321.529825
974,Mid|5,8321.730892
975,Mid|5,8321.96547
975,Right|1,8321.998981
976,Mid|5,8322.200048
977,Mid|5,8322.401114
978,Mid|5,8322.635692
979,Dashboard|7,8322.937292
980,Mid|5,8323.305914
981,Mid|5,8323.506981
981,Right|2,8323.708048
982,Mid|5,8323.741559
983,Mid|5,8323.976137
984,Mid|5,8324.177203
985,Mid|5,8324.411781
986,Mid|5,8324.646359
986,Right|8,8324.746892
987,Mid|5,8324.847426
987,Right|1,8324.947959
988,Mid|5,8325.082003
989,Mid|5,8325.28307
990,Mid|5,8325.484137
991,Mid|5,8325.718715
992,Mid|5,8325.88627
993,Mid|5,8326.053826
994,Mid|5,8326.288403
995,Mid|5,8326.522981
996,Mid|5,8326.724048
997,Mid|5,8326.958626
998,Mid|5,8327.159692
999,Mid|5,8327.39427
1000,Mid|5,8327.628848
1001,Mid|5,8327.829915
1001,Right|8,8327.930448
1002,Mid|5,8328.064492
1003,Mid|5,8328.265559
1003,Right|7,8328.29907
1004,Mid|5,8328.500137
1004,Right|9,8328.60067
1005,Mid|5,8328.734715
1006,Mid|5,8328.935781
1007,Mid|5,8329.170359
1008,Mid|5,8329.404937
1009,Mid|5,8329.606004
1010,Mid|5,8329.874092
1011,Mid|5,8330.041648
1011,Right|7,8330.242715
1012,Mid|5,8330.276226
1012,Right|7,8330.276226
1013,Mid|5,8330.510804
1014,Mid|5,8330.71187
1015,Mid|5,8330.946448
1016,Mid|5,8331.181026
1017,Mid|5,8331.382093
1017,Right|7,8331.449115
1018,Mid|5,8331.650181
1019,Mid|5,8331.884759
1020,Mid|5,8332.052315
1021,Mid|5,8332.286893
1022,Mid|5,8332.789559
1023,Mid|5,8332.990626
1024,Mid|5,8333.258715
1025,Mid|5,8333.459782
1026,Mid|5,8333.660848
1027,Mid|5,8333.895426
1027,Right|8,8333.928937
1028,Mid|5,8334.130004
1029,Mid|5,8334.398093
1030,Mid|5,8334.63267
1031,Mid|5,8334.833737
1032,Mid|5,8335.101826
1033,Mid|5,8335.336404
1034,Mid|5,8335.436937
1035,Mid|5,8335.638004
1035,Right|1,8335.839071
1036,Mid|5,8335.872582
1037,Mid|5,8336.107159
1038,Mid|5,8336.241204
1039,Mid|5,8336.442271
1040,Mid|5,8336.676848
1041,Mid|5,8336.877915
1042,Mid|5,8337.112493
1043,Mid|5,8337.347071
1044,Mid|5,8337.61516
1045,Mid|5,8337.782715
1045,Right|7,8337.983782
1046,Mid|5,8338.017293
1047,Mid|5,8338.21836
1048,Mid|5,8338.486448
1049,Mid|5,8338.654004
1050,Mid|5,8338.888582
1051,Mid|5,8339.12316
1052,Mid|5,8339.324226
1053,Mid|5,8339.558804
1054,Mid|5,8339.759871
1055,Mid|5,8339.994449
1056,Mid|5,8340.229026
1057,Mid|5,8340.430093
1058,Mid|5,8340.664671
1059,Mid|5,8340.899249
1060,Mid|5,8341.100315
1061,Mid|5,8341.334893
1062,Mid|5,8341.53596
1063,Mid|5,8341.804049
1064,Mid|5,8341.904582
1065,Mid|5,8342.13916
1066,Mid|5,8342.373738
1067,Mid|5,8342.608315
1068,Mid|5,8342.74236
1069,Mid|5,8342.943426
1070,Mid|5,8343.144493
1071,Mid|5,8343.379071
1072,Mid|5,8343.580138
1073,Mid|5,8343.814715
1074,Mid|5,8343.915249
1075,Mid|5,8344.216849
1076,Mid|5,8344.350893
1077,Mid|5,8344.55196
1078,Mid|5,8344.786538
1079,Mid|5,8345.021115
1080,Mid|5,8345.289204
1081,Mid|5,8345.45676
1082,Mid|5,8345.724849
1083,Mid|5,8345.992938
1084,Mid|5,8346.126982
1085,Mid|5,8346.36156
1086,Right|8,8346.596138
1086,Mid|5,8346.596138
1087,Mid|5,8346.797204
1088,Mid|5,8347.031782
1089,Mid|5,8347.232849
1090,Mid|5,8347.467427
1091,Mid|5,8347.735516
1092,Mid|5,8347.970093
1093,Mid|5,8348.17116
1094,Mid|5,8348.405738
1095,Mid|5,8348.606804
1096,Mid|5,8348.874893
1097,Mid|5,8349.109471
1098,Mid|5,8349.344049
1099,Dashboard|8,8349.478093
1100,Dashboard|5,8349.612138
1101,Mid|5,8349.846716
1102,Mid|5,8350.081293
1103,Mid|5,8350.315871
1104,Mid|5,8350.88556
1105,Mid|5,8351.120138
1106,Mid|5,8351.354716
1107,Mid|5,8351.589294
1107,Right|1,8351.79036
1108,Mid|5,8351.823871
1109,Mid|5,8352.024938
1110,Mid|5,8352.259516
1111,Mid|5,8352.460582
1112,Mid|5,8352.69516
1113,Mid|5,8352.929738
1114,Mid|5,8353.130805
1115,Mid|5,8353.633471
1116,Mid|5,8353.868049
1117,Mid|5,8354.404227
1118,Mid|5,8354.605294
1119,Mid|5,8354.80636
1120,Mid|5,8355.040938
1121,Mid|5,8355.275516
1122,Mid|5,8355.476583
1123,Mid|5,8355.71116
1124,Mid|5,8355.945738
1125,Mid|5,8356.146805
1126,Mid|5,8356.381383
1127,Mid|5,8356.582449
1128,Mid|5,8356.817027
1129,Mid|5,8357.051605
1130,Mid|5,8357.252672
1131,Mid|5,8357.855872
1132,Mid|5,8358.190983
1133,Mid|5,8358.392049
1133,Right|1,8358.526094
1134,Mid|5,8358.626627
1135,Mid|5,8358.861205
1136,Mid|5,8359.062272
1137,Mid|5,8359.296849
1138,Mid|5,8359.430894
1139,Mid|5,8359.631961
1140,Mid|5,8359.866538
1141,Mid|5,8360.101116
1142,Mid|5,8360.302183
1143,Mid|5,8360.536761
1144,Mid|5,8360.771338
1145,Mid|5,8360.972405
1146,Mid|5,8361.206983
1147,Mid|5,8361.40805
1148,Mid|5,8361.910716
1149,Mid|5,8362.111783
1150,Mid|5,8362.346361
1151,Mid|2,8362.61445
1152,Dashboard|5,8362.882538
1153,Mid|5,8363.050094
1154,Mid|5,8363.318183
1155,Mid|5,8363.485738
1156,Mid|5,8363.720316
1157,Mid|5,8363.921383
1158,Mid|5,8364.155961
1159,Mid|5,8364.390539
1160,Mid|5,8364.591605
1161,Mid|5,8364.826183
1162,Mid|5,8365.060761
1163,Mid|5,8365.295339
1164,Mid|5,8365.496405
1165,Mid|5,8365.697472
1166,Mid|5,8365.93205
1166,Right|7,8366.133116
1167,Mid|5,8366.166628
1167,Right|7,8366.166628
1168,Mid|5,8366.367694
1169,Mid|5,8366.602272
1170,Mid|5,8366.83685
1171,Mid|5,8367.205472
1172,Mid|5,8367.373028
1173,Mid|5,8367.607605
1174,Mid|5,8367.808672
1174,Right|7,8367.909205
1175,Mid|5,8368.04325
1176,Mid|5,8368.311339
1176,Right|7,8368.34485
1177,Mid|5,8368.478894
1178,Mid|5,8368.713472
1179,Mid|5,8368.914539
1180,Mid|5,8369.149117
1181,Mid|5,8369.383694
1182,Mid|5,8369.584761
1183,Mid|5,8369.819339
1184,Mid|5,8370.053917
1185,Mid|5,8370.187961
1186,Mid|5,8370.422539
1187,Mid|5,8370.623605
1188,Mid|5,8370.824672
1189,Right|1,8371.126272
1189,Mid|5,8371.126272
1190,Mid|5,8371.327339
1191,Mid|5,8371.561917
1192,Mid|5,8371.762983
1193,Mid|5,8371.997561
1194,Mid|5,8372.232139
1195,Mid|5,8372.433206
1196,Mid|5,8372.667783
1197,Mid|5,8372.902361
1198,Mid|5,8373.103428
1199,Mid|5,8373.338006
1199,Right|1,8373.371517
1200,Mid|5,8373.539072
1201,Mid|5,8373.77365
1202,Mid|5,8374.008228
1203,Mid|5,8374.209295
1204,Mid|5,8374.443872
1205,Mid|5,8374.67845
1206,Mid|5,8374.879517
1207,Mid|5,8375.114095
1208,Mid|5,8375.315161
1209,Mid|5,8375.549739
1210,Mid|5,8375.784317
1211,Mid|5,8375.985384
1212,Mid|5,8376.219961
1212,Right|7,8376.219961
1211,Right|7,8376.219961
1213,Mid|5,8376.454539
1214,Mid|5,8376.655606
1215,Mid|5,8376.890184
1216,Mid|5,8377.09125
1217,Mid|5,8377.325828
1218,Mid|5,8377.560406
1219,Mid|5,8377.761472
1220,Mid|5,8377.99605
1221,Mid|5,8378.230628
1221,Right|4,8378.331161
1222,Mid|5,8378.431695
1223,Dashboard|7,8378.666273
1223,Left|4,8378.800317
1224,Mid|5,8378.934361
1225,Mid|5,8379.135428
1226,Mid|5,8379.336495
1227,Mid|5,8379.571073
1228,Mid|5,8379.738628
1229,Mid|5,8379.839161
1230,Mid|5,8380.073739
1231,Mid|5,8380.308317
1232,Mid|5,8380.509384
1232,Right|1,8380.743962
1233,Mid|5,8380.743962
1233,Right|1,8380.743962
1234,Mid|5,8380.945028
1235,Mid|5,8381.179606
1236,Mid|5,8381.414184
1237,Mid|5,8381.61525
1238,Mid|5,8381.849828
1239,Mid|5,8382.084406
1240,Mid|5,8382.285473
1241,Mid|5,8382.52005
1242,Mid|3,8382.955695
1242,Dashboard|8,8382.955695
1242,Left|2,8383.089739
1243,Mid|5,8383.223784
1243,Right|7,8383.324317
1244,Mid|5,8383.458362
1245,Mid|5,8383.659428
1246,Mid|5,8383.894006
1247,Mid|5,8384.095073
1248,Mid|5,8384.329651
1249,Mid|5,8384.564228
1250,Mid|5,8384.765295
1251,Mid|5,8384.999873
1252,Mid|5,8385.234451
1253,Mid|5,8385.435517
1254,Mid|5,8385.670095
1255,Mid|5,8385.871162
1256,Mid|5,8386.10574
1257,Mid|5,8386.340317
1258,Mid|5,8386.541384
1259,Mid|5,8386.775962
1260,Mid|5,8386.977028
1261,Mid|5,8387.211606
1262,Mid|2,8387.513206
1262,Dashboard|8,8387.513206
1263,Dashboard|8,8387.61374
1263,Mid|2,8387.61374
1264,Mid|5,8387.848317
1265,Mid|5,8387.982362
1266,Mid|5,8388.21694
1267,Mid|5,8388.451517
1267,Right|7,8388.51854
1268,Mid|5,8388.652584
1269,Mid|5,8388.887162
1270,Dashboard|8,8389.155251
1270,Left|4,8389.188762
1270,Mid|2,8389.188762
1271,Dashboard|5,8389.289295
1271,Mid|2,8389.389829
1272,Mid|5,8389.72494
1273,Mid|5,8389.926006
1274,Mid|5,8390.160584
1275,Mid|5,8390.395162
1276,Dashboard|5,8390.696762
1276,Mid|2,8390.696762
1277,Dashboard|5,8390.964851
1278,Mid|5,8391.165918
1279,Mid|5,8391.333473
1280,Mid|5,8391.568051
1281,Mid|5,8391.769118
1281,Right|7,8392.003695
1282,Mid|5,8392.003695
1282,Right|7,8392.003695
1283,Mid|5,8392.238273
1284,Mid|5,8392.43934
1285,Mid|5,8392.673918
1286,Mid|5,8392.908495
1287,Mid|5,8393.109562
1288,Mid|5,8393.34414
1289,Mid|5,8393.545207
1290,Mid|5,8393.779784
1291,Mid|5,8394.014362
1292,Mid|5,8394.215429
1293,Mid|5,8394.450007
1294,Mid|5,8394.651073
1294,Right|7,8394.684584
1295,Mid|5,8394.885651
1296,Mid|5,8395.120229
1297,Mid|5,8395.321296
1298,Mid|5,8395.555873
1299,Mid|5,8395.790451
1300,Mid|5,8395.991518
1301,Mid|5,8396.226096
1302,Mid|5,8396.427162
1303,Mid|2,8396.66174
1303,Dashboard|8,8396.66174
1304,Dashboard|8,8396.896318
1304,Mid|4,8396.929829
1304,Left|4,8396.929829
1305,Mid|5,8397.063873
1306,Mid|5,8397.298451
1307,Mid|5,8397.499518
1308,Mid|5,8398.102718
1310,Mid|5,8399.476674
1311,Mid|5,8399.67774
1312,Mid|5,8399.912318
1313,Mid|5,8400.079874
1314,Mid|5,8400.314451
1315,Mid|5,8400.616051
1316,Mid|5,8400.850629
1317,Mid|5,8401.085207
1318,Mid|5,8401.319785
1319,Mid|5,8401.520851
1320,Mid|5,8401.755429
1321,Mid|5,8401.990007
1322,Mid|5,8402.191074
1323,Mid|5,8402.425651
1324,Mid|5,8402.660229
1325,Mid|5,8402.861296
1326,Mid|5,8403.095874
1327,Mid|5,8403.29694
1328,Mid|5,8403.531518
1329,Mid|5,8403.766096
1330,Mid|5,8403.967163
1331,Mid|5,8404.50334
1332,Mid|5,8404.771429
1333,Mid|5,8404.938985
1334,Mid|5,8405.140052
1335,Mid|5,8405.374629
1336,Mid|4,8405.609207
1337,Mid|5,8405.810274
1338,Mid|5,8406.044852
1339,Mid|5,8406.245918
1340,Mid|5,8406.480496
1341,Mid|5,8406.681563
1342,Mid|5,8406.949652
1343,Mid|5,8407.150718
1344,Mid|5,8407.385296
1345,Mid|5,8407.586363
1346,Mid|5,8407.820941
1347,Mid|4,8408.122541
1348,Mid|5,8408.357118
1349,Mid|5,8408.591696
1350,Mid|5,8408.792763
1351,Mid|5,8409.027341
1352,Mid|5,8409.127874
1353,Mid|5,8409.362452
1354,Mid|5,8409.563518
1355,Mid|5,8409.798096
1356,Mid|5,8410.032674
1357,Mid|5,8410.233741
1358,Mid|5,8410.468318
1359,Mid|5,8410.669385
1360,Mid|5,8410.903963
1361,Mid|5,8411.138541
1362,Mid|5,8411.339607
1363,Mid|5,8411.574185
1364,Mid|5,8411.808763
1365,Mid|5,8412.00983
1366,Mid|5,8412.244407
1367,Mid|5,8412.445474
1368,Mid|5,8412.680052
1369,Mid|5,8412.91463
1370,Mid|5,8413.115696
1371,Mid|5,8413.350274
1372,Mid|5,8413.584852
1373,Mid|5,8413.81943
1373,Right|7,8413.986985
1374,Mid|5,8414.020496
1375,Mid|5,8414.221563
1376,Mid|5,8414.456141
1377,Mid|5,8415.059341
1378,Mid|5,8415.293919
1379,Mid|5,8415.494985
1380,Mid|5,8415.729563
1381,Mid|5,8415.964141
1382,Mid|5,8416.165208
1383,Mid|5,8416.399785
1384,Mid|5,8416.634363
1385,Mid|5,8416.868941
1386,Mid|5,8417.271074
1387,Right|1,8417.371608
1387,Mid|5,8417.371608
1386,Right|1,8417.371608
1388,Mid|5,8417.606185
1389,Mid|5,8417.807252
1390,Mid|5,8418.04183
1391,Mid|5,8418.242897
1392,Mid|5,8418.477474
1392,Right|7,8418.544497
1393,Mid|5,8418.611519
1394,Mid|5,8418.913119
1395,Mid|5,8419.114186
1396,Mid|5,8419.348763
1397,Mid|5,8419.583341
1398,Mid|5,8420.220052
1399,Mid|5,8420.421119
1400,Right|7,8420.75623
1401,Right|7,8420.957297
1402,Right|7,8421.392941
1403,Right|7,8421.493475
1404,Mid|5,8421.66103
1405,Mid|5,8421.895608
1406,Mid|5,8422.096675
1407,Mid|5,8422.331252
1408,Mid|5,8422.532319
1409,Mid|5,8422.766897
1410,Mid|4,8422.934452
1411,Mid|5,8423.236052
1412,Mid|5,8423.437119
1413,Mid|5,8423.805741
1414,Mid|5,8424.040319
1415,Mid|6,8424.274897
1416,Mid|6,8424.509475
1416,Right|1,8424.542986
1418,Mid|6,8424.844586
1419,Mid|6,8425.079164
1420,Mid|5,8425.246719
1421,Mid|5,8425.447786
1422,Mid|5,8425.682364
1423,Mid|5,8425.916941
1424,Mid|5,8426.118008
1425,Mid|5,8426.352586
1426,Mid|8,8426.721208
1427,Mid|5,8426.989297
1427,Right|7,8427.056319
1428,Mid|7,8427.324408
1429,Mid|5,8427.592497
1430,Mid|5,8427.827075
1431,Mid|5,8428.028142
1432,Mid|5,8428.262719
1433,Mid|5,8428.497297
1434,Mid|2,8428.765386
1435,Dashboard|8,8428.932942
1436,Dashboard|5,8429.066986
1436,Mid|3,8429.167519
1437,Mid|5,8429.368586
1438,Mid|5,8429.603164
1439,Mid|5,8429.80423
1440,Mid|5,8430.038808
1441,Mid|5,8430.239875
1442,Mid|5,8430.474453
1443,Dashboard|8,8430.642008
1444,Mid|5,8430.977119
1445,Mid|5,8431.211697
1446,Mid|5,8431.412764
1447,Mid|5,8431.647342
1448,Mid|4,8431.948942
1449,Mid|4,8432.150008
1450,Mid|4,8432.384586
1451,Mid|4,8432.619164
1452,Mid|5,8432.78672
1453,Mid|5,8432.987786
1454,Mid|5,8433.222364
1455,Mid|5,8433.456942
1456,Mid|5,8433.658008
1457,Mid|8,8433.859075
1458,Mid|7,8434.093653
1459,Mid|5,8434.395253
1460,Mid|5,8434.629831
1461,Mid|5,8434.830897
1462,Mid|5,8434.998453
1463,Mid|5,8435.233031
1464,Mid|5,8435.333564
1464,Right|8,8435.534631
1465,Mid|5,8435.568142
1466,Mid|5,8435.769209
1467,Mid|5,8436.003786
1468,Mid|5,8436.204853
1469,Mid|5,8436.439431
1470,Mid|4,8436.741031
1471,Mid|4,8436.942097
1472,Mid|5,8437.277209
1473,Mid|5,8437.511786
1474,Mid|5,8437.712853
1475,Mid|5,8437.91392
1476,Mid|5,8438.148498
1477,Mid|5,8438.349564
1478,Mid|5,8438.584142
1479,Mid|5,8438.81872
1480,Mid|5,8439.019786
1481,Mid|5,8439.254364
1482,Mid|5,8439.488942
1483,Mid|5,8439.690009
1484,Mid|5,8439.924586
1485,Mid|5,8440.125653
1486,Mid|5,8440.360231
1487,Mid|4,8440.460764
1488,Mid|5,8440.728853
1489,Mid|5,8440.963431
1490,Mid|5,8441.198009
1491,Mid|5,8441.399075
1492,Mid|5,8441.633653
1493,Mid|5,8441.83472
1493,Right|7,8441.968764
1494,Mid|5,8442.069298
1495,Mid|5,8442.303875
1496,Mid|5,8442.504942
1497,Mid|5,8442.73952
1498,Mid|5,8442.974098
1499,Mid|5,8443.175164
1500,Mid|5,8443.409742
1501,Mid|5,8443.64432
1502,Mid|5,8443.845387
1503,Mid|5,8444.012942
1504,Mid|5,8444.24752
1505,Mid|5,8444.448587
1506,Mid|5,8444.683164
1507,Mid|5,8444.917742
1508,Mid|5,8445.118809
1509,Mid|5,8445.353387
1510,Mid|5,8445.554453
1511,Mid|5,8445.789031
1512,Mid|5,8446.023609
1513,Mid|5,8446.224676
1514,Mid|5,8446.459253
1515,Mid|5,8446.693831
1516,Mid|5,8446.894898
1517,Mid|5,8447.129476
1517,Right|2,8447.162987
1518,Mid|5,8447.330542
1518,Right|9,8447.431076
1519,Mid|5,8447.56512
1520,Mid|5,8447.799698
1521,Mid|5,8448.000765
1522,Mid|5,8448.235342
1523,Mid|5,8448.436409
1524,Mid|5,8448.670987
1525,Mid|5,8448.905565
1526,Mid|5,8449.408231
1527,Mid|5,8449.575787
1528,Mid|5,8449.810365
1529,Mid|5,8450.011431
1530,Mid|5,8450.246009
1531,Mid|5,8450.447076
1532,Mid|5,8450.681654
1533,Mid|5,8450.916231
1534,Mid|5,8451.117298
1535,Mid|5,8451.351876
1536,Mid|5,8451.586454
1537,Mid|5,8451.78752
1538,Mid|5,8452.022098
1539,Mid|5,8452.223165
1540,Mid|5,8452.457743
1541,Mid|5,8452.69232
1542,Mid|5,8452.893387
1543,Mid|5,8453.127965
1544,Mid|5,8453.362543
1545,Mid|5,8453.563609
1546,Mid|5,8453.798187
1547,Mid|5,8453.999254
1548,Mid|5,8454.233832
1549,Mid|5,8454.468409
1550,Mid|5,8455.138632
1551,Mid|5,8455.373209
1552,Mid|5,8455.574276
1553,Mid|5,8455.808854
1554,Mid|5,8456.009921
1555,Mid|5,8456.244498
1556,Mid|5,8456.512587
1557,Mid|5,8456.713654
1558,Mid|5,8456.914721
1559,Mid|5,8457.149298
1560,Mid|5,8457.350365
1561,Mid|5,8457.584943
1562,Mid|5,8457.78601
1563,Mid|5,8458.054098
1564,Mid|5,8458.255165
1565,Mid|4,8458.489743
1566,Mid|5,8459.025921
1567,Mid|5,8459.126454
1568,Mid|5,8459.461565
1569,Mid|5,8459.59561
1570,Mid|5,8459.830187
1571,Mid|5,8460.031254
1572,Mid|5,8460.265832
1573,Mid|5,8460.466899
1574,Mid|5,8460.701476
1575,Mid|5,8460.835521
1576,Mid|5,8461.036587
1577,Mid|5,8461.237654
1578,Mid|5,8461.438721
1579,Mid|5,8461.606276
1580,Mid|5,8461.807343
1581,Mid|5,8462.041921
1582,Mid|5,8462.108943
1583,Mid|5,8462.343521
1584,Mid|5,8462.578099
1585,Mid|5,8462.779165
1586,Mid|5,8463.013743
1587,Mid|5,8463.21481
1588,Mid|5,8463.449388
1589,Mid|5,8463.683965
1590,Mid|5,8464.354188
1591,Mid|5,8464.588765
1592,Mid|5,8464.823343
1593,Mid|5,8465.02441
1594,Mid|5,8465.258988
1595,Mid|5,8465.460054
1596,Mid|5,8465.728143
1596,Right|1,8465.728143
1597,Mid|5,8465.92921
1598,Dashboard|5,8466.197299
1598,Mid|2,8466.264321
1599,Mid|5,8466.331343
1600,Mid|5,8466.53241
1601,Mid|5,8466.766988
1602,Mid|5,8467.001566
1603,Mid|5,8467.236143
1603,Right|1,8467.303166
1604,Mid|5,8467.43721
1605,Mid|5,8468.274988
1606,Mid|5,8468.509566
1607,Mid|5,8468.777655
1608,Mid|5,8468.94521
1609,Mid|2,8469.179788
1609,Dashboard|7,8469.179788
1610,Mid|5,8469.481388
1611,Mid|5,8469.682455
1612,Mid|5,8469.917032
1613,Mid|5,8470.118099
1614,Mid|5,8470.352677
1615,Mid|5,8470.587255
1615,Right|2,8470.687788
1616,Mid|5,8471.089921
1617,Mid|5,8471.290988
1618,Mid|5,8471.525566
1619,Mid|5,8471.793655
1620,Mid|5,8471.96121
1621,Mid|5,8472.195788
1622,Mid|5,8472.463877
1623,Mid|5,8472.631432
1624,Mid|5,8472.86601
1625,Mid|5,8473.067077
1626,Mid|5,8473.301655
1627,Mid|5,8473.536233
1628,Mid|5,8473.737299
1629,Mid|5,8473.971877
1630,Mid|5,8474.206455
1631,Mid|5,8474.407521
1632,Mid|5,8474.642099
1633,Mid|5,8474.843166
1634,Mid|5,8475.077744
1634,Right|7,8475.27881
1635,Mid|5,8475.312321
1636,Mid|5,8475.513388
1637,Mid|5,8475.747966
1638,Mid|5,8475.949033
1638,Right|2,8476.083077
1639,Mid|5,8476.18361
1640,Mid|5,8476.418188
1640,Right|2,8476.552233
1641,Dashboard|8,8476.619255
1641,Mid|1,8476.652766
1642,Mid|5,8476.853833
1643,Mid|5,8476.954366
1644,Mid|5,8477.188944
1645,Mid|5,8477.423522
1646,Mid|5,8477.624588
1647,Mid|5,8477.859166
1648,Mid|5,8478.060233
1649,Mid|5,8478.294811
1650,Mid|5,8478.529388
1650,Right|7,8478.596411
1651,Mid|5,8478.730455
1652,Mid|5,8478.965033
1653,Mid|5,8479.199611
1654,Mid|5,8479.400677
1655,Mid|5,8479.635255
1656,Mid|5,8479.836322
1657,Mid|5,8480.070899
1658,Mid|5,8480.305477
1659,Mid|5,8480.506544
1660,Mid|5,8480.741122
1661,Mid|5,8480.9757
1662,Mid|5,8481.176766
1663,Mid|5,8481.411344
1664,Mid|5,8481.612411
1665,Mid|5,8481.846988
1666,Mid|5,8482.081566
1667,Mid|5,8482.282633
1668,Mid|5,8482.517211
1669,Mid|5,8482.718277
1670,Mid|5,8482.952855
1671,Mid|5,8483.187433
1672,Mid|5,8483.3885
1673,Mid|5,8483.656589
1674,Mid|5,8483.857655
1675,Mid|5,8484.058722
1676,Mid|5,8484.2933
1677,Mid|5,8484.494366
1678,Mid|5,8484.728944
1679,Mid|5,8484.963522
1680,Mid|5,8485.298633
1681,Mid|5,8485.432678
1681,Right|2,8485.600233
1682,Mid|5,8485.633744
1683,Mid|5,8485.868322
1684,Mid|5,8486.069389
1685,Mid|5,8486.270455
1686,Right|2,8486.505033
1686,Mid|5,8486.505033
1685,Right|2,8486.505033
1687,Mid|5,8486.739611
1688,Mid|5,8486.940678
1689,Mid|5,8487.175255
1690,Dashboard|8,8487.409833
1690,Mid|3,8487.409833
1690,Right|2,8487.443344
1690,Left|4,8487.510366
1691,Dashboard|5,8487.543878
1691,Mid|2,8487.644411
1692,Mid|5,8487.778455
1693,Mid|5,8487.979522
1694,Mid|5,8488.2141
1695,Mid|5,8488.783789
1696,Mid|5,8489.018367
1697,Mid|5,8489.252944
1698,Mid|4,8489.454011
1699,Mid|5,8489.7221
1700,Mid|4,8489.923167
1701,Mid|5,8490.157744
1702,Mid|5,8490.425833
1703,Mid|5,8490.559878
1704,Mid|5,8490.794456
1705,Mid|5,8491.029033
1706,Mid|5,8491.2301
1707,Mid|5,8491.464678
1708,Mid|5,8491.699256
1709,Mid|5,8491.900322
1710,Mid|5,8492.1349
1711,Mid|5,8492.335967
1712,Mid|5,8492.570545
1713,Mid|5,8492.805122
1714,Mid|5,8493.006189
1715,Mid|5,8493.240767
1716,Mid|5,8493.475345
1717,Mid|5,8493.709922
1718,Mid|5,8493.910989
1719,Mid|5,8494.112056
1719,Right|7,8494.145567
1720,Mid|5,8494.413656
1721,Mid|5,8494.614722
1722,Mid|5,8494.815789
1723,Mid|5,8495.050367
1724,Mid|5,8495.284945
1725,Dashboard|8,8495.687078
1725,Left|2,8495.720589
1726,Mid|5,8495.921656
1727,Mid|5,8496.122722
1728,Mid|5,8496.3573
1729,Mid|5,8496.591878
1730,Mid|5,8496.826456
1731,Right|2,8497.027522
1730,Right|2,8497.027522
1731,Mid|5,8497.027522
1732,Mid|5,8497.295611
1733,Mid|5,8497.463167
1734,Mid|5,8497.697745
1735,Mid|5,8497.898811
1736,Mid|5,8498.133389
1737,Mid|5,8498.434989
1738,Mid|5,8498.569034
1739,Mid|5,8498.803611
1740,Mid|5,8499.004678
1741,Mid|5,8499.239256
1742,Mid|5,8499.473834
1742,Right|1,8499.574367
1743,Mid|7,8499.641389
1744,Mid|5,8499.909478
1745,Mid|5,8500.177567
1746,Mid|5,8500.378634
1747,Mid|5,8500.5797
1747,Right|8,8500.713745
1748,Mid|5,8500.814278
1749,Mid|5,8501.048856
1750,Mid|5,8501.283434
1751,Mid|5,8501.4845
1752,Mid|5,8501.685567
1753,Mid|5,8501.920145
1754,Mid|5,8502.154723
1755,Mid|5,8502.355789
1756,Mid|5,8502.958989
1757,Mid|5,8503.160056
1758,Mid|4,8503.361123
1759,Mid|5,8503.863789
1760,Mid|5,8504.165389
1761,Mid|5,8504.265923
1762,Mid|5,8504.500501
1763,Mid|5,8504.735078
1764,Mid|5,8504.902634
1764,Right|2,8505.103701
1765,Mid|5,8505.137212
1766,Mid|5,8505.438812
1767,Mid|5,8505.572856
1768,Mid|5,8505.807434
1769,Mid|5,8506.042012
1770,Mid|5,8506.27659
1771,Mid|5,8506.477656
1772,Mid|5,8506.678723
1773,Mid|5,8506.913301
1773,Right|8,8506.913301
1772,Right|8,8506.913301
1774,Mid|5,8507.147879
1775,Mid|5,8507.348945
1776,Mid|5,8507.583523
1777,Mid|5,8507.818101
1778,Mid|5,8508.052679
1779,Mid|5,8508.253745
1780,Mid|5,8508.454812
1781,Mid|5,8508.68939
1782,Mid|5,8508.923967
1783,Mid|5,8509.125034
1784,Mid|5,8509.393123
1785,Mid|5,8509.560679
1786,Mid|5,8509.795256
1787,Mid|5,8510.029834
1788,Mid|5,8510.230901
1789,Mid|5,8510.465479
1790,Mid|5,8510.700056
1791,Mid|5,8511.035168
1792,Mid|5,8511.135701
1792,Right|4,8511.202723
1793,Mid|5,8511.336768
1794,Mid|5,8511.571345
1795,Mid|5,8511.939968
1796,Mid|5,8512.141034
1797,Mid|5,8512.342101
1798,Mid|5,8512.576679
1798,Right|4,8512.677212
1799,Mid|5,8512.811257
1800,Mid|5,8513.012323
1801,Mid|5,8513.246901
1802,Mid|5,8513.481479
1803,Mid|5,8513.682545
1804,Mid|5,8513.917123
1805,Mid|5,8514.11819
1806,Mid|6,8514.285746
1806,Dashboard|7,8514.285746
1806,Left|4,8514.386279
1807,Mid|5,8514.553834
1808,Mid|5,8514.788412
1809,Mid|5,8515.02299
1810,Mid|5,8515.224057
1811,Mid|5,8515.458634
1812,Mid|5,8515.659701
1812,Right|8,8515.693212
1813,Mid|5,8516.195879
1814,Mid|5,8516.430457
1815,Mid|5,8516.631523
1816,Mid|5,8516.866101
1817,Mid|5,8517.100679
1818,Mid|5,8517.301746
1819,Mid|5,8517.536323
1819,Right|7,8517.73739
1820,Mid|6,8517.804412
1820,Right|7,8517.837923
1821,Mid|5,8518.072501
1822,Mid|5,8518.508146
1823,Mid|5,8518.709212
1824,Mid|5,8518.910279
1825,Mid|5,8519.144857
1826,Mid|5,8519.446457
1827,Left|2,8519.681035
1827,Mid|3,8519.681035
1827,Right|5,8519.748057
1828,Mid|5,8519.949124
1828,Right|8,8520.083168
1829,Mid|5,8520.15019
1830,Mid|5,8520.384768
1831,Mid|5,8520.585835
1832,Dashboard|8,8520.887435
1832,Mid|2,8520.920946
1832,Left|5,8521.05499
1833,Dashboard|5,8521.088501
1834,Mid|5,8521.323079
1835,Mid|5,8521.490635
1836,Mid|5,8521.725213
1837,Mid|5,8521.926279
1838,Mid|5,8522.194368
1839,Mid|5,8522.462457
1840,Mid|5,8522.730546
1841,Mid|5,8522.898101
1842,Mid|5,8523.46779
1843,Mid|5,8523.668857
1843,Right|1,8523.702368
1844,Mid|5,8523.903435
1845,Mid|5,8524.138013
1846,Mid|5,8524.439613
1847,Mid|5,8524.573657
1848,Mid|5,8524.774724
1849,Mid|5,8525.009302
1850,Mid|5,8525.243879
1851,Mid|5,8525.444946
1852,Dashboard|8,8525.847079
1852,Left|2,8525.914102
1852,Mid|5,8525.914102
1853,Mid|5,8526.081657
1854,Mid|5,8526.316235
1855,Mid|5,8526.517302
1855,Right|4,8526.584324
1856,Mid|5,8526.751879
1856,Right|1,8526.751879
1857,Mid|5,8527.019968
1858,Mid|5,8527.187524
1859,Mid|5,8527.422102
1860,Mid|5,8527.623168
1861,Mid|5,8527.857746
1862,Mid|5,8528.092324
1863,Mid|5,8528.293391
1864,Mid|5,8528.527968
1865,Mid|5,8528.762546
1866,Mid|5,8528.963613
1867,Right|7,8529.198191
1866,Right|7,8529.198191
1867,Mid|5,8529.198191
1868,Mid|5,8529.46628
1869,Mid|5,8529.667346
1870,Mid|5,8529.868413
1871,Mid|5,8530.06948
1872,Mid|5,8530.304057
1873,Mid|5,8530.505124
1874,Mid|5,8530.739702
1874,Right|1,8530.940769
1875,Mid|5,8531.007791
1876,Mid|5,8531.175346
1877,Mid|5,8531.610991
1878,Mid|5,8531.87908
1879,Mid|5,8532.080146
1880,Mid|5,8532.314724
1881,Mid|5,8532.549302
1882,Mid|5,8532.750369
1883,Mid|5,8532.984946
1884,Mid|5,8533.219524
1885,Mid|5,8533.420591
1886,Dashboard|8,8533.789213
1886,Left|2,8533.822724
1886,Mid|2,8533.822724
1887,Dashboard|5,8533.956769
1887,Mid|2,8533.99028
1888,Mid|5,8534.090813
1889,Mid|5,8534.325391
1890,Mid|5,8534.559969
1891,Mid|5,8534.761035
1892,Mid|5,8534.995613
1893,Mid|5,8535.19668
1894,Mid|5,8535.431258
1895,Mid|5,8535.665835
1896,Mid|5,8535.866902
1897,Mid|5,8536.10148
1898,Mid|5,8536.336058
1899,Mid|5,8536.537124
1900,Mid|5,8536.771702
1901,Mid|5,8536.972769
1902,Mid|5,8537.207347
1903,Mid|5,8537.441924
1904,Dashboard|8,8537.777035
1904,Mid|6,8537.844058
1905,Dashboard|5,8537.978102
1905,Mid|6,8538.011613
1905,Right|5,8538.078636
1906,Mid|5,8538.179169
1907,Mid|5,8538.380236
1907,Right|7,8538.51428
1908,Mid|5,8538.614813
1909,Mid|5,8538.882902
1910,Mid|5,8539.050458
1911,Mid|5,8539.352058
1912,Mid|5,8539.486102
1913,Mid|5,8539.72068
1914,Mid|5,8539.955258
1915,Mid|5,8540.156324
1916,Mid|5,8540.390902
1917,Mid|5,8540.62548
1918,Mid|5,8540.860058
1918,Right|8,8540.893569
1919,Mid|5,8541.061125
1920,Mid|5,8541.262191
1921,Mid|5,8541.496769
1922,Mid|5,8541.731347
1923,Mid|5,8541.932413
1924,Mid|5,8542.166991
1925,Mid|5,8542.468591
1926,Mid|5,8542.602636
1926,Right|7,8542.770191
1927,Mid|5,8542.837214
1928,Mid|5,8543.071791
1929,Mid|5,8543.272858
1930,Mid|5,8543.507436
1931,Mid|5,8543.742014
1932,Mid|5,8543.94308
1933,Mid|8,8544.177658
1934,Mid|5,8544.412236
1935,Dashboard|8,8544.646814
1935,Right|2,8544.713836
1936,Right|5,8544.780858
1936,Dashboard|5,8544.780858
1936,Left|4,8544.84788
1937,Mid|5,8544.948414
1938,Mid|5,8545.14948
1939,Dashboard|5,8545.384058
1939,Mid|4,8545.484591
1940,Mid|5,8545.685658
1941,Mid|5,8545.920236
1942,Mid|5,8546.121303
1943,Dashboard|5,8546.322369
1943,Mid|3,8546.35588
1944,Mid|5,8546.623969
1945,Mid|5,8546.858547
1946,Mid|5,8547.059614
1947,Mid|5,8547.294191
1948,Mid|5,8547.528769
1949,Mid|5,8547.830369
1950,Mid|5,8547.964414
1951,Mid|5,8548.16548
1952,Mid|5,8548.400058
1953,Mid|5,8548.500592
1954,Mid|5,8548.735169
1955,Mid|5,8548.936236
1956,Mid|5,8549.137303
1957,Mid|5,8549.37188
1958,Mid|5,8549.505925
1959,Mid|5,8549.740503
1960,Mid|5,8549.975081
1961,Mid|5,8550.209658
1962,Mid|5,8550.410725
1963,Mid|5,8550.645303
1964,Mid|5,8550.879881
1965,Mid|5,8551.080947
1966,Mid|5,8551.315525
1966,Right|1,8551.382547
1967,Mid|5,8551.516592
1968,Mid|5,8551.751169
1969,Mid|5,8551.985747
1970,Mid|5,8552.186814
1971,Mid|5,8552.421392
1972,Dashboard|8,8552.622458
1972,Mid|2,8552.689481
1973,Dashboard|5,8552.823525
1973,Mid|3,8552.857036
1974,Mid|5,8553.024592
1975,Mid|5,8553.225658
1976,Mid|5,8553.460236
1977,Mid|5,8553.694814
1978,Mid|5,8554.130458
1979,Mid|5,8554.298014
1980,Mid|5,8554.566103
1981,Mid|5,8554.76717
1982,Mid|5,8555.001747
1983,Mid|5,8555.202814
1984,Mid|5,8555.437392
1984,Right|8,8555.470903
1985,Mid|5,8555.638459
1985,Right|2,8555.806014
1986,Mid|5,8555.906547
1987,Mid|5,8556.141125
1988,Mid|5,8556.308681
1989,Mid|5,8556.543259
1990,Mid|5,8556.777836
1991,Mid|5,8556.978903
1992,Mid|5,8557.213481
1993,Mid|5,8557.414548
1994,Mid|5,8557.649125
1995,Mid|5,8557.917214
1996,Mid|5,8558.08477
1997,Mid|5,8558.319348
1998,Mid|5,8558.520414
1999,Mid|5,8558.754992
2000,Mid|5,8558.98957
2001,Mid|5,8559.190636
2002,Mid|5,8559.425214
2003,Mid|5,8559.659792
2004,Mid|5,8559.860859
2005,Mid|5,8560.095437
2006,Mid|5,8560.296503
2007,Mid|5,8560.531081
2008,Mid|5,8560.765659
2009,Mid|5,8560.966725
2010,Mid|5,8561.201303
2011,Mid|5,8561.435881
2012,Mid|5,8561.636948
2013,Mid|5,8561.871526
2014,Dashboard|5,8562.039081
2014,Mid|6,8562.072592
2015,Mid|5,8562.30717
2016,Mid|5,8562.541748
2017,Mid|5,8562.742814
2017,Right|8,8562.91037
2018,Mid|5,8562.977392
2019,Mid|5,8563.21197
2020,Mid|5,8563.413037
2021,Mid|5,8563.681126
2022,Mid|5,8563.882192
2023,Mid|5,8564.11677
2024,Mid|5,8564.317837
2025,Mid|5,8564.552415
2026,Mid|5,8564.786992
2027,Mid|5,8564.988059
2028,Mid|5,8565.222637
2029,Mid|5,8565.423703
2030,Mid|5,8565.959881
2031,Mid|5,8566.194459
2032,Mid|5,8566.395526
2033,Mid|5,8566.630104
2034,Mid|5,8566.83117
2035,Mid|5,8567.065748
2036,Mid|6,8567.333837
2037,Mid|5,8567.568415
2038,Mid|5,8567.769481
2039,Mid|5,8567.970548
2040,Mid|5,8568.205126
2041,Mid|5,8568.439704
2042,Right|7,8568.64077
2041,Right|7,8568.64077
2042,Mid|5,8568.64077
2043,Mid|5,8568.875348
2044,Mid|5,8569.109926
2045,Mid|5,8569.310993
2045,Right|8,8569.478548
2046,Mid|5,8569.54557
2047,Mid|5,8569.746637
2048,Mid|5,8569.981215
2048,Right|1,8570.014726
2049,Mid|5,8570.215793
2050,Mid|5,8570.416859
2051,Mid|5,8570.651437
2051,Right|7,8570.75197
2052,Mid|5,8570.852504
2053,Mid|5,8571.087081
2054,Mid|5,8571.556237
2055,Mid|5,8571.790815
2056,Mid|5,8572.025393
2056,Right|8,8572.025393
2057,Mid|5,8572.192948
2058,Mid|5,8572.427526
2059,Mid|6,8572.662104
2060,Mid|6,8572.896682
2061,Mid|6,8572.997215
2062,Mid|5,8573.231793
2063,Mid|5,8573.46637
2064,Mid|5,8573.667437
2065,Mid|5,8573.902015
2066,Mid|5,8574.136593
2067,Mid|5,8574.337659
2068,Mid|5,8574.572237
2069,Mid|6,8575.108415
2069,Dashboard|5,8575.108415
2070,Mid|5,8575.275971
2071,Mid|5,8575.544059
2072,Mid|5,8575.711615
2073,Mid|5,8575.946193
2074,Mid|5,8576.415348
2075,Mid|5,8576.649926
2076,Mid|5,8576.884504
2077,Mid|5,8577.119082
2078,Mid|1,8577.320148
2079,Mid|5,8577.420682
2080,Mid|5,8577.688771
2081,Mid|5,8577.856326
2082,Mid|5,8578.090904
2083,Mid|5,8578.291971
2084,Mid|5,8578.526549
2085,Mid|5,8578.761126
2086,Mid|5,8578.995704
2087,Mid|5,8579.196771
2088,Mid|5,8579.397837
2089,Mid|5,8579.632415
2090,Mid|5,8579.866993
2091,Mid|5,8580.06806
2092,Mid|5,8580.302637
2093,Mid|5,8580.537215
2094,Mid|5,8580.738282
2095,Mid|5,8580.97286
2096,Mid|5,8581.173926
2097,Mid|5,8581.442015
2098,Mid|5,8581.676593
2099,Mid|5,8581.844149
2100,Mid|5,8582.112238
2101,Mid|5,8582.313304
2102,Mid|5,8582.514371
2103,Mid|5,8582.748949
2104,Mid|5,8582.950015
2105,Mid|5,8583.184593
2106,Mid|5,8583.452682
2106,Right|8,8583.553215
2107,Mid|5,8583.620238
2108,Mid|5,8583.854815
2109,Mid|5,8584.055882
2110,Mid|5,8584.323971
2111,Mid|5,8584.525038
2112,Mid|5,8584.726104
2113,Mid|5,8584.994193
2114,Mid|5,8585.19526
2115,Mid|5,8585.396327
2116,Mid|5,8585.831971
2117,Mid|5,8586.066549
2118,Mid|5,8586.301127
2119,Mid|5,8586.502193
2120,Mid|5,8586.736771
2121,Mid|5,8586.971349
2122,Mid|5,8587.172416
2123,Mid|5,8587.406993
2124,Mid|5,8587.60806
2125,Mid|5,8587.842638
2126,Mid|5,8588.077216
2127,Mid|5,8588.278282
2128,Mid|5,8588.51286
2129,Mid|5,8588.747438
2130,Mid|5,8588.948505
2131,Mid|5,8589.183082
2132,Mid|5,8589.384149
2133,Mid|4,8589.618727
2134,Mid|5,8590.054371
2135,Mid|5,8590.288949
2136,Mid|5,8590.590549
2137,Mid|5,8590.724594
2138,Mid|5,8590.959171
2139,Mid|5,8591.193749
2140,Mid|5,8591.394816
2141,Mid|5,8591.629394
2142,Mid|5,8591.83046
2143,Mid|5,8592.098549
2144,Mid|5,8592.299616
2144,Right|7,8592.366638
2145,Mid|4,8592.534194
2146,Mid|5,8592.73526
2147,Mid|5,8592.936327
2148,Mid|5,8593.170905
2149,Mid|5,8593.438994
2150,Mid|5,8593.606549
2150,Right|1,8593.64006
2151,Mid|5,8593.841127
2152,Mid|5,8594.075705
2153,Mid|5,8594.343794
2154,Mid|5,8594.54486
2155,Mid|5,8594.645394
2156,Mid|5,8594.879971
2157,Mid|5,8595.081038
2158,Mid|5,8595.315616
2159,Mid|5,8595.550194
2159,Right|8,8595.717749
2160,Mid|5,8595.75126
2161,Mid|5,8596.05286
2162,Mid|5,8596.287438
2163,Mid|5,8596.522016
2164,Mid|5,8596.723083
2165,Mid|5,8596.924149
2166,Mid|5,8597.158727
2167,Mid|5,8597.393305
2168,Mid|5,8597.594372
2169,Mid|4,8597.828949
2170,Mid|4,8597.962994
2171,Mid|5,8598.130549
2172,Mid|5,8598.365127
2173,Mid|5,8598.599705
2174,Mid|5,8598.800772
2175,Left|4,8599.068861
2175,Mid|6,8599.068861
2175,Dashboard|8,8599.068861
2176,Dashboard|5,8599.202905
2176,Left|2,8599.236416
2176,Mid|6,8599.236416
2177,Mid|5,8599.403972
2178,Mid|5,8599.638549
2179,Mid|5,8599.839616
2180,Mid|5,8600.409305
2181,Mid|5,8600.643883
2182,Mid|5,8600.84495
2183,Mid|5,8601.14655
2184,Mid|5,8601.347616
2184,Right|7,8601.481661
2185,Mid|5,8601.515172
2186,Mid|5,8601.74975
2187,Mid|5,8602.017838
2188,Mid|5,8602.218905
2188,Right|7,8602.252416
2189,Mid|5,8602.453483
2190,Mid|5,8602.688061
2191,Mid|5,8602.889127
2192,Mid|5,8603.123705
2193,Mid|5,8603.324772
2194,Mid|5,8603.55935
2195,Mid|5,8603.827439
2196,Mid|5,8603.994994
2197,Mid|5,8604.229572
2198,Mid|5,8604.46415
2199,Mid|5,8604.665216
2200,Mid|5,8604.933305
2201,Mid|5,8605.100861
2202,Mid|5,8605.402461
2203,Mid|5,8605.502994
2204,Mid|5,8605.737572
2205,Mid|5,8605.97215
2206,Mid|5,8606.173216
2207,Mid|5,8606.407794
2208,Mid|5,8606.608861
2208,Right|2,8606.809928
2209,Mid|5,8606.843439
2210,Mid|5,8607.078016
2211,Mid|5,8607.312594
2212,Mid|5,8607.513661
2213,Mid|5,8607.714728
2214,Mid|5,8607.949305
2215,Mid|5,8608.183883
2216,Mid|5,8608.38495
2217,Mid|5,8608.619528
2218,Mid|5,8608.854105
2219,Mid|5,8609.088683
2220,Mid|5,8609.28975
2221,Mid|5,8609.524328
2222,Mid|5,8609.725394
2223,Mid|5,8609.959972
2224,Mid|5,8610.161039
2225,Mid|5,8610.596683
2226,Right|8,8610.831261
2226,Mid|5,8610.831261
2227,Mid|5,8611.032328
2228,Mid|5,8611.266906
2229,Mid|5,8611.467972
2230,Mid|5,8611.70255
2231,Mid|5,8611.970639
2232,Mid|5,8612.138195
2233,Mid|5,8612.372772
2234,Mid|5,8612.60735
2235,Mid|3,8612.90895
2235,Left|1,8612.975972
2236,Mid|3,8613.042995
2236,Left|2,8613.076506
2237,Mid|5,8613.244061
2238,Mid|5,8613.478639
2239,Mid|5,8613.679706
2240,Mid|5,8613.914283
2240,Right|8,8614.11535
2241,Mid|5,8614.148861
2242,Mid|5,8614.349928
2243,Mid|5,8615.388772
2244,Mid|6,8615.62335
2245,Mid|5,8615.824417
2245,Right|7,8615.991972
2246,Mid|8,8616.025484
2247,Mid|8,8616.260061
2248,Mid|8,8616.427617
2249,Mid|8,8616.628684
2250,Mid|5,8616.796239
2251,Mid|5,8616.997306
2252,Mid|5,8617.265395
2253,Mid|5,8617.466461
2254,Mid|5,8617.667528
2255,Mid|5,8617.902106
2256,Mid|5,8618.136684
2257,Mid|5,8618.33775
2258,Mid|5,8618.572328
2259,Mid|5,8618.773395
2260,Mid|5,8619.007973
2261,Mid|9,8619.309573
2262,Mid|5,8619.443617
2263,Mid|5,8619.678195
2264,Mid|5,8619.879262
2265,Mid|5,8620.113839
2266,Mid|5,8620.348417
2267,Mid|5,8620.549484
2268,Mid|5,8620.784062
2269,Mid|5,8621.018639
2270,Mid|5,8621.219706
2271,Mid|5,8621.454284
2272,Mid|5,8621.655351
2272,Right|7,8621.856417
2273,Mid|5,8621.889928
2274,Mid|5,8622.124506
2275,Mid|5,8622.325573
2276,Mid|5,8622.560151
2277,Mid|5,8622.794728
2278,Mid|5,8622.995795
2279,Mid|5,8623.230373
2280,Mid|5,8623.431439
2281,Mid|5,8623.666017
2282,Mid|5,8623.900595
2283,Mid|5,8624.135173
2284,Mid|5,8624.33624
2285,Mid|5,8624.570817
2286,Mid|5,8624.771884
2287,Dashboard|8,8625.106995
2287,Mid|6,8625.174017
2288,Mid|6,8625.24104
2288,Left|2,8625.24104
2288,Dashboard|5,8625.24104
2289,Mid|5,8625.408595
2290,Mid|5,8625.743706
2291,Mid|5,8625.877751
2292,Mid|5,8626.112328
2293,Mid|5,8626.313395
2294,Mid|5,8626.514462
2295,Mid|5,8626.74904
2296,Mid|5,8626.983617
2297,Mid|5,8627.184684
2298,Mid|5,8627.419262
2299,Mid|5,8627.720862
2300,Mid|5,8627.854906
2301,Mid|5,8628.089484
2302,Mid|9,8628.324062
2303,Dashboard|8,8628.458106
2303,Mid|2,8628.525129
2304,Dashboard|5,8628.592151
2304,Left|2,8628.592151
2303,Left|2,8628.592151
2305,Mid|6,8628.826729
2306,Mid|5,8629.027795
2307,Mid|5,8629.262373
2308,Mid|5,8629.496951
2309,Mid|8,8629.630995
2309,Right|7,8629.731529
2310,Mid|5,8629.932595
2311,Dashboard|8,8630.133662
2311,Mid|6,8630.133662
2311,Left|3,8630.267706
2312,Dashboard|5,8630.334729
2312,Mid|2,8630.535795
2313,Dashboard|5,8630.569306
2313,Left|2,8630.602818
2314,Mid|5,8630.736862
2315,Mid|5,8630.937929
2315,Right|7,8631.004951
2316,Dashboard|5,8631.172507
2316,Left|4,8631.239529
2317,Dashboard|5,8631.373573
2318,Mid|5,8631.57464
2319,Mid|5,8631.809218
2320,Mid|5,8632.043795
2321,Mid|5,8632.244862
2322,Mid|5,8632.445929
2323,Mid|5,8632.680507
2324,Mid|5,8632.915084
2325,Dashboard|5,8633.08264
2325,Right|6,8633.183173
2325,Left|5,8633.183173
2325,Mid|3,8633.216684
2326,Dashboard|5,8633.283707
2326,Left|5,8633.350729
2326,Mid|6,8633.38424
2327,Dashboard|5,8633.518284
2327,Mid|6,8633.551796
2327,Left|4,8633.652329
2328,Mid|5,8633.819884
2329,Mid|5,8634.054462
2330,Mid|5,8634.28904
2331,Mid|5,8634.490107
2332,Mid|5,8634.724684
2333,Mid|5,8634.959262
2334,Mid|5,8635.160329
2335,Mid|5,8635.394907
2336,Dashboard|5,8635.662996
2337,Dashboard|5,8635.830551
2337,Right|1,8635.964596
2337,Mid|2,8635.998107
2338,Mid|5,8636.065129
2339,Mid|5,8636.266196
2340,Dashboard|5,8636.534285
2340,Mid|6,8636.567796
2341,Dashboard|5,8636.735351
2341,Mid|6,8636.768862
2341,Left|4,8636.902907
2342,Mid|5,8637.00344
2343,Mid|5,8637.271529
2344,Mid|5,8637.439085
2345,Mid|5,8637.673662
2346,Dashboard|5,8637.941751
2346,Mid|6,8638.176329
2347,Mid|5,8638.20984
2348,Mid|5,8638.444418
2349,Mid|5,8638.645485
2350,Mid|5,8638.880062
2351,Mid|5,8639.11464
2352,Mid|5,8639.315707
2353,Mid|5,8639.550285
2354,Mid|5,8639.784862
2355,Mid|5,8640.388062
2355,Right|7,8640.421574
2356,Mid|5,8640.589129
