fixationid,aoi_id,world_timestamp,next_fixation_id,next_aoi,next_world_timestamp,transition_duration,transition
2,Mid|5,2445.954042,3.0,Mid|5,2446.021065,0.0670230000000629,Mid|5 -> Mid|5
3,Mid|5,2446.021065,4.0,Mid|2,2446.121599,0.10053400000015245,Mid|5 -> Mid|2
4,Mid|2,2446.121599,5.0,Dashboard|6,2446.289155,0.1675559999998768,Mid|2 -> Dashboard|6
5,Dashboard|6,2446.289155,5.0,Left|2,2446.356177,0.0670220000001791,Dashboard|6 -> Left|2
5,Left|2,2446.356177,6.0,Dashboard|6,2446.389689,0.03351199999997334,Left|2 -> Dashboard|6
6,Dashboard|6,2446.389689,7.0,Dashboard|6,2446.523734,0.13404499999978725,Dashboard|6 -> Dashboard|6
7,Dashboard|6,2446.523734,6.0,Left|4,2446.523734,0.0,Dashboard|6 -> Left|4
6,Left|4,2446.523734,7.0,Left|4,2446.523734,0.0,Left|4 -> Left|4
7,Left|4,2446.523734,8.0,Dashboard|6,2446.624267,0.10053300000026866,Left|4 -> Dashboard|6
8,Dashboard|6,2446.624267,9.0,Left|6,2447.395026,0.7707589999999982,Dashboard|6 -> Left|6
9,Left|6,2447.395026,11.0,Left|6,2447.629605,0.2345789999999397,Left|6 -> Left|6
11,Left|6,2447.629605,15.0,Left|3,2448.668454,1.0388490000000274,Left|6 -> Left|3
15,Left|3,2448.668454,18.0,Mid|2,2449.539746,0.8712919999998121,Left|3 -> Mid|2
18,Mid|2,2449.539746,19.0,Mid|2,2449.606769,0.0670230000000629,Mid|2 -> Mid|2
19,Mid|2,2449.606769,19.0,Left|2,2449.740814,0.13404499999978725,Mid|2 -> Left|2
19,Left|2,2449.740814,20.0,Mid|2,2449.807837,0.0670230000000629,Left|2 -> Mid|2
20,Mid|2,2449.807837,21.0,Mid|2,2449.90837,0.10053300000026866,Mid|2 -> Mid|2
21,Mid|2,2449.90837,22.0,Mid|2,2450.042415,0.13404499999978725,Mid|2 -> Mid|2
22,Mid|2,2450.042415,23.0,Mid|5,2450.276994,0.2345789999999397,Mid|2 -> Mid|5
23,Mid|5,2450.276994,24.0,Mid|5,2450.44455,0.16755600000033155,Mid|5 -> Mid|5
24,Mid|5,2450.44455,25.0,Mid|5,2450.545084,0.1005339999996977,Mid|5 -> Mid|5
25,Mid|5,2450.545084,26.0,Mid|2,2450.645618,0.10053400000015245,Mid|5 -> Mid|2
26,Mid|2,2450.645618,27.0,Mid|2,2450.746152,0.10053400000015245,Mid|2 -> Mid|2
27,Mid|2,2450.746152,28.0,Mid|2,2450.880197,0.13404499999978725,Mid|2 -> Mid|2
28,Mid|2,2450.880197,29.0,Mid|2,2451.818512,0.938314999999875,Mid|2 -> Mid|2
29,Mid|2,2451.818512,30.0,Dashboard|8,2452.019579,0.20106699999996636,Mid|2 -> Dashboard|8
30,Dashboard|8,2452.019579,31.0,Mid|2,2452.153624,0.134045000000242,Dashboard|8 -> Mid|2
31,Mid|2,2452.153624,32.0,Mid|2,2452.220647,0.0670230000000629,Mid|2 -> Mid|2
32,Mid|2,2452.220647,33.0,Mid|5,2452.756827,0.5361800000000585,Mid|2 -> Mid|5
33,Mid|5,2452.756827,35.0,Mid|2,2453.225984,0.4691569999999956,Mid|5 -> Mid|2
35,Mid|2,2453.225984,36.0,Mid|2,2453.326518,0.1005339999996977,Mid|2 -> Mid|2
36,Mid|2,2453.326518,37.0,Mid|5,2453.460563,0.134045000000242,Mid|2 -> Mid|5
37,Mid|5,2453.460563,38.0,Mid|5,2453.561097,0.1005339999996977,Mid|5 -> Mid|5
38,Mid|5,2453.561097,39.0,Mid|5,2453.695142,0.134045000000242,Mid|5 -> Mid|5
39,Mid|5,2453.695142,40.0,Mid|2,2453.795676,0.10053400000015245,Mid|5 -> Mid|2
40,Mid|2,2453.795676,41.0,Mid|2,2453.896209,0.10053299999981391,Mid|2 -> Mid|2
41,Mid|2,2453.896209,42.0,Mid|2,2454.130788,0.2345789999999397,Mid|2 -> Mid|2
42,Mid|2,2454.130788,43.0,Mid|2,2454.331856,0.20106799999985014,Mid|2 -> Mid|2
43,Mid|2,2454.331856,44.0,Mid|2,2454.566434,0.2345780000000559,Mid|2 -> Mid|2
44,Mid|2,2454.566434,45.0,Mid|2,2454.801013,0.2345789999999397,Mid|2 -> Mid|2
45,Mid|2,2454.801013,46.0,Mid|2,2455.002081,0.2010680000003049,Mid|2 -> Mid|2
46,Mid|2,2455.002081,47.0,Mid|2,2455.23666,0.2345789999999397,Mid|2 -> Mid|2
47,Mid|2,2455.23666,48.0,Mid|2,2455.437727,0.20106699999996636,Mid|2 -> Mid|2
48,Mid|2,2455.437727,49.0,Mid|2,2455.672306,0.2345789999999397,Mid|2 -> Mid|2
49,Mid|2,2455.672306,50.0,Mid|2,2455.906885,0.2345789999999397,Mid|2 -> Mid|2
50,Mid|2,2455.906885,51.0,Mid|2,2456.107952,0.20106699999996636,Mid|2 -> Mid|2
51,Mid|2,2456.107952,52.0,Mid|2,2456.342531,0.2345789999999397,Mid|2 -> Mid|2
52,Mid|2,2456.342531,53.0,Mid|2,2456.57711,0.23457900000039444,Mid|2 -> Mid|2
53,Mid|2,2456.57711,54.0,Mid|2,2456.778177,0.20106699999996636,Mid|2 -> Mid|2
54,Mid|2,2456.778177,55.0,Mid|5,2457.012756,0.2345789999999397,Mid|2 -> Mid|5
55,Mid|5,2457.012756,56.0,Mid|5,2457.213824,0.20106799999985014,Mid|5 -> Mid|5
56,Mid|5,2457.213824,57.0,Mid|5,2457.448402,0.2345780000000559,Mid|5 -> Mid|5
57,Mid|5,2457.448402,58.0,Mid|2,2457.682981,0.2345789999999397,Mid|5 -> Mid|2
58,Mid|2,2457.682981,58.0,Left|9,2457.783515,0.10053400000015245,Mid|2 -> Left|9
58,Left|9,2457.783515,59.0,Mid|2,2457.884049,0.1005339999996977,Left|9 -> Mid|2
59,Mid|2,2457.884049,60.0,Mid|2,2458.118627,0.2345780000000559,Mid|2 -> Mid|2
60,Mid|2,2458.118627,61.0,Mid|2,2458.353206,0.2345789999999397,Mid|2 -> Mid|2
61,Mid|2,2458.353206,62.0,Mid|2,2458.554274,0.2010680000003049,Mid|2 -> Mid|2
62,Mid|2,2458.554274,63.0,Mid|2,2458.788852,0.2345780000000559,Mid|2 -> Mid|2
63,Mid|2,2458.788852,64.0,Mid|2,2458.98992,0.20106799999985014,Mid|2 -> Mid|2
64,Mid|2,2458.98992,65.0,Mid|2,2459.224499,0.2345789999999397,Mid|2 -> Mid|2
65,Mid|2,2459.224499,66.0,Mid|2,2459.459077,0.2345780000000559,Mid|2 -> Mid|2
66,Mid|2,2459.459077,67.0,Mid|2,2459.660145,0.20106799999985014,Mid|2 -> Mid|2
67,Mid|2,2459.660145,68.0,Mid|2,2459.827701,0.16755600000033155,Mid|2 -> Mid|2
68,Mid|2,2459.827701,69.0,Mid|5,2460.028769,0.20106799999985014,Mid|2 -> Mid|5
69,Mid|5,2460.028769,70.0,Mid|5,2460.263348,0.2345789999999397,Mid|5 -> Mid|5
70,Mid|5,2460.263348,71.0,Mid|2,2460.497926,0.2345780000000559,Mid|5 -> Mid|2
71,Mid|2,2460.497926,72.0,Mid|5,2460.698994,0.20106799999985014,Mid|2 -> Mid|5
72,Mid|5,2460.698994,73.0,Mid|5,2460.933573,0.2345789999999397,Mid|5 -> Mid|5
73,Mid|5,2460.933573,74.0,Mid|5,2461.168151,0.2345780000000559,Mid|5 -> Mid|5
74,Mid|5,2461.168151,75.0,Dashboard|5,2461.302196,0.134045000000242,Mid|5 -> Dashboard|5
75,Dashboard|5,2461.302196,76.0,Dashboard|4,2461.369219,0.0670230000000629,Dashboard|5 -> Dashboard|4
76,Dashboard|4,2461.369219,77.0,Dashboard|4,2461.536775,0.1675559999998768,Dashboard|4 -> Dashboard|4
77,Dashboard|4,2461.536775,78.0,Mid|5,2461.871888,0.33511300000009214,Dashboard|4 -> Mid|5
78,Mid|5,2461.871888,79.0,Mid|2,2462.106467,0.2345789999999397,Mid|5 -> Mid|2
79,Mid|2,2462.106467,80.0,Mid|2,2462.307534,0.20106699999996636,Mid|2 -> Mid|2
80,Mid|2,2462.307534,81.0,Mid|2,2462.542113,0.2345789999999397,Mid|2 -> Mid|2
81,Mid|2,2462.542113,82.0,Mid|2,2462.776692,0.2345789999999397,Mid|2 -> Mid|2
82,Mid|2,2462.776692,83.0,Mid|2,2462.977759,0.20106699999996636,Mid|2 -> Mid|2
83,Mid|2,2462.977759,84.0,Mid|2,2463.212338,0.2345789999999397,Mid|2 -> Mid|2
84,Mid|2,2463.212338,84.0,Left|3,2463.27936,0.0670220000001791,Mid|2 -> Left|3
84,Left|3,2463.27936,85.0,Mid|5,2463.413405,0.13404499999978725,Left|3 -> Mid|5
85,Mid|5,2463.413405,86.0,Mid|5,2463.647984,0.23457900000039444,Mid|5 -> Mid|5
86,Mid|5,2463.647984,87.0,Mid|2,2463.882563,0.2345789999999397,Mid|5 -> Mid|2
87,Mid|2,2463.882563,88.0,Mid|5,2464.08363,0.20106699999996636,Mid|2 -> Mid|5
88,Mid|5,2464.08363,87.0,Right|1,2464.08363,0.0,Mid|5 -> Right|1
87,Right|1,2464.08363,88.0,Right|1,2464.08363,0.0,Right|1 -> Right|1
88,Right|1,2464.08363,89.0,Mid|5,2464.318209,0.2345789999999397,Right|1 -> Mid|5
89,Mid|5,2464.318209,90.0,Mid|5,2464.552788,0.2345789999999397,Mid|5 -> Mid|5
90,Mid|5,2464.552788,91.0,Mid|2,2464.753856,0.20106799999985014,Mid|5 -> Mid|2
91,Mid|2,2464.753856,92.0,Mid|5,2464.988434,0.2345780000000559,Mid|2 -> Mid|5
92,Mid|5,2464.988434,93.0,Mid|2,2465.189502,0.2010680000003049,Mid|5 -> Mid|2
93,Mid|2,2465.189502,94.0,Mid|2,2465.424081,0.2345789999999397,Mid|2 -> Mid|2
94,Mid|2,2465.424081,95.0,Mid|5,2465.558126,0.13404499999978725,Mid|2 -> Mid|5
95,Mid|5,2465.558126,96.0,Mid|5,2465.792704,0.2345780000000559,Mid|5 -> Mid|5
96,Mid|5,2465.792704,97.0,Mid|5,2466.027283,0.2345789999999397,Mid|5 -> Mid|5
97,Mid|5,2466.027283,98.0,Mid|5,2466.228351,0.2010680000003049,Mid|5 -> Mid|5
98,Mid|5,2466.228351,99.0,Mid|5,2466.462929,0.23457799999960116,Mid|5 -> Mid|5
99,Mid|5,2466.462929,100.0,Mid|2,2466.764531,0.3016020000000026,Mid|5 -> Mid|2
100,Mid|2,2466.764531,101.0,Mid|2,2466.965598,0.2010670000004211,Mid|2 -> Mid|2
101,Mid|2,2466.965598,102.0,Mid|2,2467.200177,0.2345789999999397,Mid|2 -> Mid|2
102,Mid|2,2467.200177,103.0,Mid|5,2467.434756,0.2345789999999397,Mid|2 -> Mid|5
103,Mid|5,2467.434756,104.0,Mid|5,2467.635823,0.20106699999996636,Mid|5 -> Mid|5
104,Mid|5,2467.635823,104.0,Left|2,2467.769868,0.13404499999978725,Mid|5 -> Left|2
104,Left|2,2467.769868,105.0,Mid|5,2467.870402,0.10053400000015245,Left|2 -> Mid|5
105,Mid|5,2467.870402,106.0,Mid|5,2468.104981,0.2345789999999397,Mid|5 -> Mid|5
106,Mid|5,2468.104981,107.0,Mid|5,2468.306048,0.20106699999996636,Mid|5 -> Mid|5
107,Mid|5,2468.306048,108.0,Mid|5,2468.540627,0.2345789999999397,Mid|5 -> Mid|5
108,Mid|5,2468.540627,109.0,Dashboard|5,2468.708183,0.16755600000033155,Mid|5 -> Dashboard|5
109,Dashboard|5,2468.708183,110.0,Dashboard|4,2468.87574,0.1675569999997606,Dashboard|5 -> Dashboard|4
110,Dashboard|4,2468.87574,111.0,Mid|2,2469.043296,0.1675559999998768,Dashboard|4 -> Mid|2
111,Mid|2,2469.043296,112.0,Mid|5,2469.244363,0.20106699999996636,Mid|2 -> Mid|5
112,Mid|5,2469.244363,113.0,Mid|5,2469.478942,0.23457900000039444,Mid|5 -> Mid|5
113,Mid|5,2469.478942,114.0,Mid|5,2469.713521,0.2345789999999397,Mid|5 -> Mid|5
114,Mid|5,2469.713521,115.0,Mid|5,2469.914589,0.20106799999985014,Mid|5 -> Mid|5
115,Mid|5,2469.914589,116.0,Mid|5,2470.149167,0.2345780000000559,Mid|5 -> Mid|5
116,Mid|5,2470.149167,117.0,Mid|2,2470.383746,0.2345789999999397,Mid|5 -> Mid|2
117,Mid|2,2470.383746,118.0,Mid|2,2470.584814,0.20106799999985014,Mid|2 -> Mid|2
118,Mid|2,2470.584814,119.0,Mid|2,2470.819392,0.2345780000000559,Mid|2 -> Mid|2
119,Mid|2,2470.819392,119.0,Left|2,2470.886415,0.0670230000000629,Mid|2 -> Left|2
119,Left|2,2470.886415,120.0,Mid|2,2471.02046,0.134045000000242,Left|2 -> Mid|2
120,Mid|2,2471.02046,121.0,Mid|2,2471.255039,0.2345789999999397,Mid|2 -> Mid|2
121,Mid|2,2471.255039,122.0,Mid|2,2471.422595,0.1675559999998768,Mid|2 -> Mid|2
122,Mid|2,2471.422595,123.0,Mid|2,2471.657174,0.2345789999999397,Mid|2 -> Mid|2
123,Mid|2,2471.657174,124.0,Mid|2,2471.858241,0.20106699999996636,Mid|2 -> Mid|2
124,Mid|2,2471.858241,125.0,Mid|2,2472.09282,0.2345789999999397,Mid|2 -> Mid|2
125,Mid|2,2472.09282,126.0,Mid|2,2472.327399,0.2345789999999397,Mid|2 -> Mid|2
126,Mid|2,2472.327399,126.0,Left|9,2472.427933,0.10053400000015245,Mid|2 -> Left|9
126,Left|9,2472.427933,127.0,Mid|2,2472.528466,0.10053300000026866,Left|9 -> Mid|2
127,Mid|2,2472.528466,128.0,Mid|2,2472.763045,0.2345789999999397,Mid|2 -> Mid|2
128,Mid|2,2472.763045,129.0,Mid|2,2472.964113,0.20106799999985014,Mid|2 -> Mid|2
129,Mid|2,2472.964113,129.0,Left|8,2473.031135,0.0670220000001791,Mid|2 -> Left|8
129,Left|8,2473.031135,130.0,Mid|2,2473.198691,0.1675559999998768,Left|8 -> Mid|2
130,Mid|2,2473.198691,131.0,Mid|5,2473.299225,0.10053400000015245,Mid|2 -> Mid|5
131,Mid|5,2473.299225,132.0,Mid|2,2473.500293,0.20106799999985014,Mid|5 -> Mid|2
132,Mid|2,2473.500293,133.0,Mid|2,2473.734871,0.2345780000000559,Mid|2 -> Mid|2
133,Mid|2,2473.734871,134.0,Dashboard|4,2473.868916,0.13404499999978725,Mid|2 -> Dashboard|4
134,Dashboard|4,2473.868916,135.0,Dashboard|2,2474.069984,0.2010680000003049,Dashboard|4 -> Dashboard|2
135,Dashboard|2,2474.069984,136.0,Mid|2,2474.304563,0.2345789999999397,Dashboard|2 -> Mid|2
136,Mid|2,2474.304563,137.0,Mid|5,2474.50563,0.20106699999996636,Mid|2 -> Mid|5
137,Mid|5,2474.50563,138.0,Mid|5,2474.706698,0.20106799999985014,Mid|5 -> Mid|5
138,Mid|5,2474.706698,139.0,Mid|5,2474.941277,0.2345789999999397,Mid|5 -> Mid|5
139,Mid|5,2474.941277,140.0,Mid|5,2475.142344,0.20106699999996636,Mid|5 -> Mid|5
140,Mid|5,2475.142344,141.0,Mid|2,2475.376923,0.2345789999999397,Mid|5 -> Mid|2
141,Mid|2,2475.376923,142.0,Mid|5,2475.611502,0.23457900000039444,Mid|2 -> Mid|5
142,Mid|5,2475.611502,143.0,Mid|2,2475.812569,0.20106699999996636,Mid|5 -> Mid|2
143,Mid|2,2475.812569,144.0,Mid|5,2476.047148,0.2345789999999397,Mid|2 -> Mid|5
144,Mid|5,2476.047148,145.0,Mid|5,2476.248215,0.20106699999996636,Mid|5 -> Mid|5
145,Mid|5,2476.248215,146.0,Mid|2,2476.482794,0.2345789999999397,Mid|5 -> Mid|2
146,Mid|2,2476.482794,147.0,Mid|2,2476.717373,0.2345789999999397,Mid|2 -> Mid|2
147,Mid|2,2476.717373,147.0,Right|4,2476.750884,0.03351100000008955,Mid|2 -> Right|4
147,Right|4,2476.750884,148.0,Mid|2,2476.943675,0.19279099999994287,Right|4 -> Mid|2
148,Mid|2,2476.943675,149.0,Mid|2,2477.144742,0.20106699999996636,Mid|2 -> Mid|2
149,Mid|2,2477.144742,149.0,Left|6,2477.312297,0.16755499999999302,Mid|2 -> Left|6
149,Left|6,2477.312297,150.0,Mid|2,2477.37932,0.0670230000000629,Left|6 -> Mid|2
150,Mid|2,2477.37932,151.0,Mid|2,2477.580386,0.20106600000008257,Mid|2 -> Mid|2
151,Mid|2,2477.580386,152.0,Mid|2,2477.814964,0.2345780000000559,Mid|2 -> Mid|2
152,Mid|2,2477.814964,153.0,Mid|2,2478.049542,0.2345780000000559,Mid|2 -> Mid|2
153,Mid|2,2478.049542,154.0,Mid|2,2478.250609,0.20106699999996636,Mid|2 -> Mid|2
154,Mid|2,2478.250609,155.0,Mid|2,2478.485187,0.2345780000000559,Mid|2 -> Mid|2
155,Mid|2,2478.485187,156.0,Mid|5,2478.686254,0.20106699999996636,Mid|2 -> Mid|5
156,Mid|5,2478.686254,157.0,Mid|5,2478.920832,0.23457799999960116,Mid|5 -> Mid|5
157,Mid|5,2478.920832,158.0,Mid|2,2479.15541,0.2345780000000559,Mid|5 -> Mid|2
158,Mid|2,2479.15541,159.0,Mid|2,2479.389988,0.2345780000000559,Mid|2 -> Mid|2
159,Mid|2,2479.389988,160.0,Mid|3,2479.624566,0.2345780000000559,Mid|2 -> Mid|3
160,Mid|3,2479.624566,160.0,Left|6,2479.792122,0.1675559999998768,Mid|3 -> Left|6
160,Left|6,2479.792122,161.0,Mid|5,2479.959677,0.16755499999999302,Left|6 -> Mid|5
161,Mid|5,2479.959677,162.0,Mid|5,2480.160744,0.20106699999996636,Mid|5 -> Mid|5
162,Mid|5,2480.160744,163.0,Mid|5,2480.395322,0.2345780000000559,Mid|5 -> Mid|5
163,Mid|5,2480.395322,164.0,Mid|5,2480.529367,0.134045000000242,Mid|5 -> Mid|5
164,Mid|5,2480.529367,165.0,Mid|5,2480.730433,0.20106600000008257,Mid|5 -> Mid|5
165,Mid|5,2480.730433,166.0,Mid|2,2480.965011,0.23457799999960116,Mid|5 -> Mid|2
166,Mid|2,2480.965011,167.0,Mid|5,2481.199589,0.2345780000000559,Mid|2 -> Mid|5
167,Mid|5,2481.199589,168.0,Mid|2,2481.400656,0.20106699999996636,Mid|5 -> Mid|2
168,Mid|2,2481.400656,169.0,Mid|5,2481.635234,0.2345780000000559,Mid|2 -> Mid|5
169,Mid|5,2481.635234,170.0,Mid|5,2481.836301,0.20106699999996636,Mid|5 -> Mid|5
170,Mid|5,2481.836301,171.0,Mid|5,2482.070879,0.2345780000000559,Mid|5 -> Mid|5
171,Mid|5,2482.070879,172.0,Mid|5,2482.305457,0.2345780000000559,Mid|5 -> Mid|5
172,Mid|5,2482.305457,173.0,Mid|5,2482.506524,0.20106699999996636,Mid|5 -> Mid|5
173,Mid|5,2482.506524,174.0,Mid|5,2482.741102,0.2345780000000559,Mid|5 -> Mid|5
174,Mid|5,2482.741102,175.0,Mid|5,2482.97568,0.2345780000000559,Mid|5 -> Mid|5
175,Mid|5,2482.97568,176.0,Mid|5,2483.176747,0.20106699999996636,Mid|5 -> Mid|5
176,Mid|5,2483.176747,177.0,Mid|5,2483.411325,0.2345780000000559,Mid|5 -> Mid|5
177,Mid|5,2483.411325,178.0,Mid|5,2483.612391,0.20106600000008257,Mid|5 -> Mid|5
178,Mid|5,2483.612391,179.0,Mid|2,2483.846969,0.2345780000000559,Mid|5 -> Mid|2
179,Mid|2,2483.846969,180.0,Mid|5,2484.081547,0.23457799999960116,Mid|2 -> Mid|5
180,Mid|5,2484.081547,181.0,Mid|5,2484.282614,0.2010670000004211,Mid|5 -> Mid|5
181,Mid|5,2484.282614,182.0,Mid|5,2484.517192,0.23457799999960116,Mid|5 -> Mid|5
182,Mid|5,2484.517192,183.0,Mid|5,2484.75177,0.2345780000000559,Mid|5 -> Mid|5
183,Mid|5,2484.75177,184.0,Mid|5,2484.952837,0.20106699999996636,Mid|5 -> Mid|5
184,Mid|5,2484.952837,185.0,Mid|5,2485.187415,0.2345780000000559,Mid|5 -> Mid|5
185,Mid|5,2485.187415,186.0,Mid|5,2485.388482,0.20106699999996636,Mid|5 -> Mid|5
186,Mid|5,2485.388482,186.0,Left|3,2485.489015,0.10053300000026866,Mid|5 -> Left|3
186,Left|3,2485.489015,187.0,Dashboard|5,2485.556038,0.0670230000000629,Left|3 -> Dashboard|5
187,Dashboard|5,2485.556038,188.0,Dashboard|4,2485.790616,0.2345780000000559,Dashboard|5 -> Dashboard|4
188,Dashboard|4,2485.790616,189.0,Mid|5,2486.092216,0.30159999999978027,Dashboard|4 -> Mid|5
189,Mid|5,2486.092216,190.0,Mid|5,2486.293283,0.20106699999996636,Mid|5 -> Mid|5
190,Mid|5,2486.293283,191.0,Mid|5,2486.527861,0.2345780000000559,Mid|5 -> Mid|5
191,Mid|5,2486.527861,192.0,Mid|5,2486.695416,0.16755499999999302,Mid|5 -> Mid|5
192,Mid|5,2486.695416,193.0,Mid|5,2486.896483,0.20106699999996636,Mid|5 -> Mid|5
193,Mid|5,2486.896483,194.0,Dashboard|4,2487.231595,0.33511200000020835,Mid|5 -> Dashboard|4
194,Dashboard|4,2487.231595,194.0,Left|3,2487.39915,0.16755499999999302,Dashboard|4 -> Left|3
194,Left|3,2487.39915,195.0,Dashboard|4,2487.466172,0.06702199999972436,Left|3 -> Dashboard|4
195,Dashboard|4,2487.466172,195.0,Left|6,2487.566706,0.10053400000015245,Dashboard|4 -> Left|6
195,Left|6,2487.566706,196.0,Mid|5,2487.633728,0.06702199999972436,Left|6 -> Mid|5
196,Mid|5,2487.633728,197.0,Mid|5,2487.868306,0.2345780000000559,Mid|5 -> Mid|5
197,Mid|5,2487.868306,198.0,Mid|5,2488.069373,0.20106699999996636,Mid|5 -> Mid|5
198,Mid|5,2488.069373,199.0,Mid|5,2488.303951,0.2345780000000559,Mid|5 -> Mid|5
199,Mid|5,2488.303951,200.0,Mid|2,2488.538529,0.2345780000000559,Mid|5 -> Mid|2
200,Mid|2,2488.538529,201.0,Mid|5,2488.739596,0.20106699999996636,Mid|2 -> Mid|5
201,Mid|5,2488.739596,202.0,Mid|2,2488.974174,0.2345780000000559,Mid|5 -> Mid|2
202,Mid|2,2488.974174,203.0,Mid|2,2489.208752,0.2345780000000559,Mid|2 -> Mid|2
203,Mid|2,2489.208752,204.0,Mid|2,2489.409819,0.20106699999996636,Mid|2 -> Mid|2
204,Mid|2,2489.409819,205.0,Mid|2,2489.644397,0.2345780000000559,Mid|2 -> Mid|2
205,Mid|2,2489.644397,206.0,Mid|2,2489.845463,0.20106600000008257,Mid|2 -> Mid|2
206,Mid|2,2489.845463,207.0,Mid|2,2490.080041,0.2345780000000559,Mid|2 -> Mid|2
207,Mid|2,2490.080041,208.0,Mid|2,2490.314619,0.2345780000000559,Mid|2 -> Mid|2
208,Mid|2,2490.314619,209.0,Mid|2,2490.415153,0.1005339999996977,Mid|2 -> Mid|2
209,Mid|2,2490.415153,210.0,Mid|5,2490.91782,0.5026670000002014,Mid|2 -> Mid|5
210,Mid|5,2490.91782,211.0,Mid|2,2491.051864,0.13404399999990346,Mid|5 -> Mid|2
211,Mid|2,2491.051864,212.0,Mid|5,2491.420487,0.36862299999984316,Mid|2 -> Mid|5
212,Mid|5,2491.420487,212.0,Left|3,2491.487509,0.0670220000001791,Mid|5 -> Left|3
212,Left|3,2491.487509,213.0,Mid|5,2491.52102,0.03351100000008955,Left|3 -> Mid|5
213,Mid|5,2491.52102,214.0,Mid|5,2491.655065,0.13404499999978725,Mid|5 -> Mid|5
214,Mid|5,2491.655065,215.0,Left|8,2491.755598,0.10053300000026866,Mid|5 -> Left|8
215,Left|8,2491.755598,215.0,Mid|5,2491.755598,0.0,Left|8 -> Mid|5
215,Mid|5,2491.755598,216.0,Mid|2,2491.822621,0.06702299999960815,Mid|5 -> Mid|2
216,Mid|2,2491.822621,217.0,Mid|2,2491.923154,0.10053300000026866,Mid|2 -> Mid|2
217,Mid|2,2491.923154,218.0,Mid|2,2492.09071,0.1675559999998768,Mid|2 -> Mid|2
218,Mid|2,2492.09071,219.0,Left|8,2492.224754,0.13404399999990346,Mid|2 -> Left|8
219,Left|8,2492.224754,219.0,Mid|2,2492.224754,0.0,Left|8 -> Mid|2
219,Mid|2,2492.224754,220.0,Mid|2,2492.425821,0.20106699999996636,Mid|2 -> Mid|2
220,Mid|2,2492.425821,220.0,Left|3,2492.526355,0.10053400000015245,Mid|2 -> Left|3
220,Left|3,2492.526355,221.0,Mid|5,2492.660399,0.13404399999990346,Left|3 -> Mid|5
221,Mid|5,2492.660399,222.0,Mid|5,2492.894977,0.2345780000000559,Mid|5 -> Mid|5
222,Mid|5,2492.894977,223.0,Mid|5,2493.096044,0.20106699999996636,Mid|5 -> Mid|5
223,Mid|5,2493.096044,224.0,Mid|5,2493.5652,0.4691560000001118,Mid|5 -> Mid|5
224,Mid|5,2493.5652,224.0,Left|9,2493.632222,0.0670220000001791,Mid|5 -> Left|9
224,Left|9,2493.632222,225.0,Mid|5,2493.799778,0.1675559999998768,Left|9 -> Mid|5
225,Mid|5,2493.799778,226.0,Mid|5,2494.000845,0.20106699999996636,Mid|5 -> Mid|5
226,Mid|5,2494.000845,227.0,Mid|5,2494.235423,0.2345780000000559,Mid|5 -> Mid|5
227,Mid|5,2494.235423,228.0,Mid|5,2494.43649,0.20106699999996636,Mid|5 -> Mid|5
228,Mid|5,2494.43649,229.0,Mid|5,2494.671067,0.23457700000017212,Mid|5 -> Mid|5
229,Mid|5,2494.671067,230.0,Mid|5,2494.905645,0.23457799999960116,Mid|5 -> Mid|5
230,Mid|5,2494.905645,231.0,Mid|2,2495.106712,0.20106699999996636,Mid|5 -> Mid|2
231,Mid|2,2495.106712,232.0,Mid|5,2495.34129,0.2345780000000559,Mid|2 -> Mid|5
232,Mid|5,2495.34129,233.0,Mid|5,2495.542357,0.20106699999996636,Mid|5 -> Mid|5
233,Mid|5,2495.542357,234.0,Mid|5,2495.776935,0.2345780000000559,Mid|5 -> Mid|5
234,Mid|5,2495.776935,235.0,Mid|2,2496.011513,0.2345780000000559,Mid|5 -> Mid|2
235,Mid|2,2496.011513,236.0,Mid|5,2496.21258,0.20106699999996636,Mid|2 -> Mid|5
236,Mid|5,2496.21258,237.0,Mid|2,2496.380136,0.16755600000033155,Mid|5 -> Mid|2
237,Mid|2,2496.380136,237.0,Left|6,2496.480669,0.10053299999981391,Mid|2 -> Left|6
237,Left|6,2496.480669,238.0,Mid|5,2496.614714,0.13404499999978725,Left|6 -> Mid|5
238,Mid|5,2496.614714,239.0,Mid|5,2496.81578,0.20106600000008257,Mid|5 -> Mid|5
239,Mid|5,2496.81578,240.0,Mid|5,2497.050358,0.2345780000000559,Mid|5 -> Mid|5
240,Mid|5,2497.050358,241.0,Mid|2,2497.284936,0.2345780000000559,Mid|5 -> Mid|2
241,Mid|2,2497.284936,242.0,Mid|5,2497.418981,0.13404499999978725,Mid|2 -> Mid|5
242,Mid|5,2497.418981,243.0,Mid|2,2497.553025,0.1340440000003582,Mid|5 -> Mid|2
243,Mid|2,2497.553025,244.0,Mid|5,2497.787603,0.2345780000000559,Mid|2 -> Mid|5
244,Mid|5,2497.787603,245.0,Mid|2,2497.921648,0.13404499999978725,Mid|5 -> Mid|2
245,Mid|2,2497.921648,246.0,Mid|5,2498.122715,0.20106699999996636,Mid|2 -> Mid|5
246,Mid|5,2498.122715,247.0,Mid|5,2498.323782,0.20106699999996636,Mid|5 -> Mid|5
247,Mid|5,2498.323782,248.0,Mid|5,2498.55836,0.2345780000000559,Mid|5 -> Mid|5
248,Mid|5,2498.55836,249.0,Mid|5,2498.658893,0.10053299999981391,Mid|5 -> Mid|5
249,Mid|5,2498.658893,250.0,Mid|5,2498.826449,0.16755600000033155,Mid|5 -> Mid|5
250,Mid|5,2498.826449,251.0,Mid|5,2498.893471,0.06702199999972436,Mid|5 -> Mid|5
251,Mid|5,2498.893471,251.0,Left|8,2498.994004,0.10053300000026866,Mid|5 -> Left|8
251,Left|8,2498.994004,252.0,Mid|5,2499.228582,0.2345780000000559,Left|8 -> Mid|5
252,Mid|5,2499.228582,253.0,Mid|5,2499.329116,0.1005339999996977,Mid|5 -> Mid|5
253,Mid|5,2499.329116,254.0,Mid|2,2499.429649,0.10053300000026866,Mid|5 -> Mid|2
254,Mid|2,2499.429649,255.0,Mid|2,2499.563694,0.13404499999978725,Mid|2 -> Mid|2
255,Mid|2,2499.563694,256.0,Mid|2,2499.664227,0.10053300000026866,Mid|2 -> Mid|2
256,Mid|2,2499.664227,257.0,Mid|2,2499.898805,0.23457799999960116,Mid|2 -> Mid|2
257,Mid|2,2499.898805,258.0,Mid|2,2500.099872,0.20106699999996636,Mid|2 -> Mid|2
258,Mid|2,2500.099872,259.0,Mid|2,2500.300939,0.2010670000004211,Mid|2 -> Mid|2
259,Mid|2,2500.300939,260.0,Mid|2,2500.434983,0.13404399999990346,Mid|2 -> Mid|2
260,Mid|2,2500.434983,261.0,Mid|2,2500.569028,0.13404499999978725,Mid|2 -> Mid|2
261,Mid|2,2500.569028,262.0,Mid|2,2500.669561,0.10053300000026866,Mid|2 -> Mid|2
262,Mid|2,2500.669561,263.0,Mid|2,2500.904139,0.2345780000000559,Mid|2 -> Mid|2
263,Mid|2,2500.904139,264.0,Mid|2,2501.138717,0.23457799999960116,Mid|2 -> Mid|2
264,Mid|2,2501.138717,265.0,Mid|2,2501.339784,0.20106699999996636,Mid|2 -> Mid|2
265,Mid|2,2501.339784,266.0,Mid|2,2501.574362,0.2345780000000559,Mid|2 -> Mid|2
266,Mid|2,2501.574362,267.0,Mid|5,2501.741918,0.16755600000033155,Mid|2 -> Mid|5
267,Mid|5,2501.741918,268.0,Mid|5,2501.842451,0.10053299999981391,Mid|5 -> Mid|5
268,Mid|5,2501.842451,269.0,Mid|5,2502.077029,0.2345780000000559,Mid|5 -> Mid|5
269,Mid|5,2502.077029,270.0,Mid|5,2502.278096,0.20106699999996636,Mid|5 -> Mid|5
270,Mid|5,2502.278096,271.0,Mid|5,2502.512674,0.2345780000000559,Mid|5 -> Mid|5
271,Mid|5,2502.512674,272.0,Mid|5,2502.747252,0.2345780000000559,Mid|5 -> Mid|5
272,Mid|5,2502.747252,273.0,Mid|5,2502.948319,0.20106699999996636,Mid|5 -> Mid|5
273,Mid|5,2502.948319,274.0,Mid|5,2503.182897,0.2345780000000559,Mid|5 -> Mid|5
274,Mid|5,2503.182897,275.0,Mid|5,2503.383964,0.20106699999996636,Mid|5 -> Mid|5
275,Mid|5,2503.383964,276.0,Mid|5,2503.618542,0.2345780000000559,Mid|5 -> Mid|5
276,Mid|5,2503.618542,277.0,Mid|5,2503.85312,0.2345780000000559,Mid|5 -> Mid|5
277,Mid|5,2503.85312,278.0,Mid|5,2504.054187,0.20106699999996636,Mid|5 -> Mid|5
278,Mid|5,2504.054187,279.0,Mid|5,2504.288765,0.23457799999960116,Mid|5 -> Mid|5
279,Mid|5,2504.288765,280.0,Mid|5,2504.523342,0.23457700000017212,Mid|5 -> Mid|5
280,Mid|5,2504.523342,281.0,Mid|5,2504.724409,0.20106699999996636,Mid|5 -> Mid|5
281,Mid|5,2504.724409,282.0,Mid|5,2504.958987,0.2345780000000559,Mid|5 -> Mid|5
282,Mid|5,2504.958987,283.0,Mid|5,2505.160054,0.20106699999996636,Mid|5 -> Mid|5
283,Mid|5,2505.160054,284.0,Mid|5,2505.394632,0.2345780000000559,Mid|5 -> Mid|5
284,Mid|5,2505.394632,285.0,Mid|2,2505.897299,0.5026670000002014,Mid|5 -> Mid|2
285,Mid|2,2505.897299,286.0,Mid|2,2506.098366,0.20106699999996636,Mid|2 -> Mid|2
286,Mid|2,2506.098366,287.0,Mid|2,2506.332944,0.2345780000000559,Mid|2 -> Mid|2
287,Mid|2,2506.332944,288.0,Mid|5,2506.534011,0.20106699999996636,Mid|2 -> Mid|5
288,Mid|5,2506.534011,289.0,Mid|5,2506.768589,0.23457799999960116,Mid|5 -> Mid|5
289,Mid|5,2506.768589,289.0,Left|2,2506.969656,0.2010670000004211,Mid|5 -> Left|2
289,Left|2,2506.969656,290.0,Mid|5,2506.969656,0.0,Left|2 -> Mid|5
290,Mid|5,2506.969656,290.0,Left|2,2506.969656,0.0,Mid|5 -> Left|2
290,Left|2,2506.969656,291.0,Mid|5,2507.137211,0.16755499999999302,Left|2 -> Mid|5
291,Mid|5,2507.137211,292.0,Mid|5,2507.338278,0.20106699999996636,Mid|5 -> Mid|5
292,Mid|5,2507.338278,293.0,Mid|5,2507.572856,0.23457799999960116,Mid|5 -> Mid|5
293,Mid|5,2507.572856,293.0,Left|8,2507.67339,0.10053400000015245,Mid|5 -> Left|8
293,Left|8,2507.67339,294.0,Mid|5,2507.773923,0.10053300000026866,Left|8 -> Mid|5
294,Mid|5,2507.773923,295.0,Mid|2,2507.874456,0.10053299999981391,Mid|5 -> Mid|2
295,Mid|2,2507.874456,295.0,Left|3,2508.109034,0.2345780000000559,Mid|2 -> Left|3
295,Left|3,2508.109034,296.0,Left|3,2508.109034,0.0,Left|3 -> Left|3
296,Left|3,2508.109034,296.0,Mid|5,2508.109034,0.0,Left|3 -> Mid|5
296,Mid|5,2508.109034,297.0,Mid|5,2508.310101,0.20106699999996636,Mid|5 -> Mid|5
297,Mid|5,2508.310101,298.0,Mid|5,2508.544679,0.2345780000000559,Mid|5 -> Mid|5
298,Mid|5,2508.544679,299.0,Mid|5,2508.779257,0.2345780000000559,Mid|5 -> Mid|5
299,Mid|5,2508.779257,300.0,Mid|5,2508.980324,0.20106699999996636,Mid|5 -> Mid|5
300,Mid|5,2508.980324,301.0,Mid|5,2509.415969,0.43564500000002226,Mid|5 -> Mid|5
301,Mid|5,2509.415969,302.0,Mid|5,2509.617036,0.20106699999996636,Mid|5 -> Mid|5
302,Mid|5,2509.617036,303.0,Mid|5,2509.818103,0.20106699999996636,Mid|5 -> Mid|5
303,Mid|5,2509.818103,304.0,Mid|5,2510.052681,0.2345780000000559,Mid|5 -> Mid|5
304,Mid|5,2510.052681,305.0,Mid|2,2510.253747,0.20106600000008257,Mid|5 -> Mid|2
305,Mid|2,2510.253747,306.0,Mid|2,2510.488325,0.23457799999960116,Mid|2 -> Mid|2
306,Mid|2,2510.488325,307.0,Mid|5,2510.689392,0.2010670000004211,Mid|2 -> Mid|5
307,Mid|5,2510.689392,308.0,Mid|5,2510.890459,0.20106699999996636,Mid|5 -> Mid|5
308,Mid|5,2510.890459,308.0,Left|9,2510.990992,0.10053299999981391,Mid|5 -> Left|9
308,Left|9,2510.990992,309.0,Mid|5,2511.125037,0.13404499999978725,Left|9 -> Mid|5
309,Mid|5,2511.125037,310.0,Mid|5,2511.359615,0.2345780000000559,Mid|5 -> Mid|5
310,Mid|5,2511.359615,310.0,Left|8,2511.527171,0.16755600000033155,Mid|5 -> Left|8
310,Left|8,2511.527171,311.0,Mid|5,2511.560682,0.033510999999634805,Left|8 -> Mid|5
311,Mid|5,2511.560682,312.0,Mid|5,2511.79526,0.2345780000000559,Mid|5 -> Mid|5
312,Mid|5,2511.79526,313.0,Mid|5,2512.029838,0.2345780000000559,Mid|5 -> Mid|5
313,Mid|5,2512.029838,314.0,Mid|5,2512.197393,0.16755499999999302,Mid|5 -> Mid|5
314,Mid|5,2512.197393,314.0,Left|8,2512.331438,0.134045000000242,Mid|5 -> Left|8
314,Left|8,2512.331438,315.0,Mid|2,2512.39846,0.06702199999972436,Left|8 -> Mid|2
315,Mid|2,2512.39846,316.0,Left|6,2512.633038,0.2345780000000559,Mid|2 -> Left|6
316,Left|6,2512.633038,315.0,Left|6,2512.633038,0.0,Left|6 -> Left|6
315,Left|6,2512.633038,316.0,Mid|2,2512.633038,0.0,Left|6 -> Mid|2
316,Mid|2,2512.633038,317.0,Mid|5,2512.800594,0.1675559999998768,Mid|2 -> Mid|5
317,Mid|5,2512.800594,318.0,Mid|5,2513.035172,0.2345780000000559,Mid|5 -> Mid|5
318,Mid|5,2513.035172,319.0,Mid|5,2513.26975,0.2345780000000559,Mid|5 -> Mid|5
319,Mid|5,2513.26975,319.0,Left|9,2513.303261,0.03351100000008955,Mid|5 -> Left|9
319,Left|9,2513.303261,320.0,Mid|5,2513.470817,0.1675559999998768,Left|9 -> Mid|5
320,Mid|5,2513.470817,321.0,Mid|2,2513.705395,0.2345780000000559,Mid|5 -> Mid|2
321,Mid|2,2513.705395,322.0,Mid|5,2514.074017,0.36862199999995937,Mid|2 -> Mid|5
322,Mid|5,2514.074017,323.0,Mid|5,2514.275084,0.20106699999996636,Mid|5 -> Mid|5
323,Mid|5,2514.275084,324.0,Mid|5,2514.44264,0.16755600000033155,Mid|5 -> Mid|5
324,Mid|5,2514.44264,324.0,Left|6,2514.576684,0.13404399999990346,Mid|5 -> Left|6
324,Left|6,2514.576684,325.0,Mid|4,2514.710729,0.13404499999978725,Left|6 -> Mid|4
325,Mid|4,2514.710729,326.0,Mid|5,2514.945307,0.2345780000000559,Mid|4 -> Mid|5
326,Mid|5,2514.945307,327.0,Mid|5,2515.146374,0.20106699999996636,Mid|5 -> Mid|5
327,Mid|5,2515.146374,328.0,Mid|5,2515.380952,0.2345780000000559,Mid|5 -> Mid|5
328,Mid|5,2515.380952,329.0,Mid|2,2515.582019,0.20106699999996636,Mid|5 -> Mid|2
329,Mid|2,2515.582019,330.0,Mid|5,2515.816596,0.23457700000017212,Mid|2 -> Mid|5
330,Mid|5,2515.816596,331.0,Mid|2,2516.051174,0.2345780000000559,Mid|5 -> Mid|2
331,Mid|2,2516.051174,332.0,Mid|2,2516.252241,0.20106699999996636,Mid|2 -> Mid|2
332,Mid|2,2516.252241,333.0,Mid|2,2516.486819,0.2345780000000559,Mid|2 -> Mid|2
333,Mid|2,2516.486819,334.0,Mid|2,2516.721397,0.23457799999960116,Mid|2 -> Mid|2
334,Mid|2,2516.721397,335.0,Mid|5,2516.922464,0.2010670000004211,Mid|2 -> Mid|5
335,Mid|5,2516.922464,336.0,Mid|5,2517.157042,0.23457799999960116,Mid|5 -> Mid|5
336,Mid|5,2517.157042,337.0,Mid|2,2517.358109,0.20106699999996636,Mid|5 -> Mid|2
337,Mid|2,2517.358109,338.0,Mid|5,2517.592687,0.2345780000000559,Mid|2 -> Mid|5
338,Mid|5,2517.592687,339.0,Mid|5,2517.827265,0.2345780000000559,Mid|5 -> Mid|5
339,Mid|5,2517.827265,340.0,Mid|5,2518.028332,0.20106699999996636,Mid|5 -> Mid|5
340,Mid|5,2518.028332,341.0,Mid|5,2518.26291,0.2345780000000559,Mid|5 -> Mid|5
341,Mid|5,2518.26291,342.0,Mid|5,2518.463977,0.20106699999996636,Mid|5 -> Mid|5
342,Mid|5,2518.463977,343.0,Mid|2,2518.698554,0.23457700000017212,Mid|5 -> Mid|2
343,Mid|2,2518.698554,344.0,Mid|5,2518.899621,0.20106699999996636,Mid|2 -> Mid|5
344,Mid|5,2518.899621,344.0,Left|3,2519.000155,0.10053400000015245,Mid|5 -> Left|3
344,Left|3,2519.000155,345.0,Mid|2,2519.134199,0.13404399999990346,Left|3 -> Mid|2
345,Mid|2,2519.134199,346.0,Mid|5,2519.368777,0.2345780000000559,Mid|2 -> Mid|5
346,Mid|5,2519.368777,347.0,Mid|2,2519.569844,0.20106699999996636,Mid|5 -> Mid|2
347,Mid|2,2519.569844,348.0,Mid|5,2519.804422,0.2345780000000559,Mid|2 -> Mid|5
348,Mid|5,2519.804422,349.0,Mid|2,2520.039,0.2345780000000559,Mid|5 -> Mid|2
349,Mid|2,2520.039,350.0,Mid|5,2520.307089,0.2680889999996907,Mid|2 -> Mid|5
350,Mid|5,2520.307089,351.0,Mid|5,2520.541667,0.2345780000000559,Mid|5 -> Mid|5
351,Mid|5,2520.541667,352.0,Mid|5,2520.843267,0.301600000000235,Mid|5 -> Mid|5
352,Mid|5,2520.843267,353.0,Mid|5,2520.91029,0.06702299999960815,Mid|5 -> Mid|5
353,Mid|5,2520.91029,354.0,Mid|5,2521.144868,0.2345780000000559,Mid|5 -> Mid|5
354,Mid|5,2521.144868,355.0,Mid|5,2521.379446,0.2345780000000559,Mid|5 -> Mid|5
355,Mid|5,2521.379446,356.0,Mid|5,2521.580512,0.20106600000008257,Mid|5 -> Mid|5
356,Mid|5,2521.580512,356.0,Left|8,2521.781579,0.20106699999996636,Mid|5 -> Left|8
356,Left|8,2521.781579,357.0,Mid|5,2521.81509,0.03351100000008955,Left|8 -> Mid|5
357,Mid|5,2521.81509,357.0,Left|9,2521.882113,0.0670230000000629,Mid|5 -> Left|9
357,Left|9,2521.882113,358.0,Mid|5,2522.016157,0.13404399999990346,Left|9 -> Mid|5
358,Mid|5,2522.016157,359.0,Mid|5,2522.250735,0.2345780000000559,Mid|5 -> Mid|5
359,Mid|5,2522.250735,360.0,Mid|5,2522.485313,0.2345780000000559,Mid|5 -> Mid|5
360,Mid|5,2522.485313,361.0,Mid|5,2522.68638,0.20106699999996636,Mid|5 -> Mid|5
361,Mid|5,2522.68638,362.0,Mid|5,2522.920958,0.2345780000000559,Mid|5 -> Mid|5
362,Mid|5,2522.920958,363.0,Mid|5,2523.155536,0.2345780000000559,Mid|5 -> Mid|5
363,Mid|5,2523.155536,364.0,Mid|5,2523.356603,0.20106699999996636,Mid|5 -> Mid|5
364,Mid|5,2523.356603,365.0,Mid|5,2523.591181,0.23457799999960116,Mid|5 -> Mid|5
365,Mid|5,2523.591181,366.0,Mid|5,2523.792248,0.2010670000004211,Mid|5 -> Mid|5
366,Mid|5,2523.792248,367.0,Mid|5,2524.026826,0.23457799999960116,Mid|5 -> Mid|5
367,Mid|5,2524.026826,368.0,Mid|5,2524.261404,0.2345780000000559,Mid|5 -> Mid|5
368,Mid|5,2524.261404,368.0,Left|9,2524.361937,0.10053300000026866,Mid|5 -> Left|9
368,Left|9,2524.361937,369.0,Mid|5,2524.46247,0.10053299999981391,Left|9 -> Mid|5
369,Mid|5,2524.46247,370.0,Mid|2,2524.697048,0.2345780000000559,Mid|5 -> Mid|2
370,Mid|2,2524.697048,371.0,Mid|5,2525.065671,0.36862299999984316,Mid|2 -> Mid|5
371,Mid|5,2525.065671,372.0,Mid|5,2525.300249,0.2345780000000559,Mid|5 -> Mid|5
372,Mid|5,2525.300249,372.0,Left|8,2525.400782,0.10053300000026866,Mid|5 -> Left|8
372,Left|8,2525.400782,373.0,Mid|5,2525.501316,0.1005339999996977,Left|8 -> Mid|5
373,Mid|5,2525.501316,374.0,Mid|5,2525.735894,0.2345780000000559,Mid|5 -> Mid|5
374,Mid|5,2525.735894,375.0,Mid|5,2525.970472,0.2345780000000559,Mid|5 -> Mid|5
375,Mid|5,2525.970472,376.0,Mid|5,2526.171539,0.20106699999996636,Mid|5 -> Mid|5
376,Mid|5,2526.171539,377.0,Mid|2,2526.406117,0.2345780000000559,Mid|5 -> Mid|2
377,Mid|2,2526.406117,378.0,Mid|5,2526.607183,0.20106600000008257,Mid|2 -> Mid|5
378,Mid|5,2526.607183,379.0,Mid|2,2526.841761,0.2345780000000559,Mid|5 -> Mid|2
379,Mid|2,2526.841761,380.0,Mid|2,2527.076339,0.2345780000000559,Mid|2 -> Mid|2
380,Mid|2,2527.076339,380.0,Left|8,2527.143362,0.06702299999960815,Mid|2 -> Left|8
380,Left|8,2527.143362,381.0,Mid|5,2527.277406,0.1340440000003582,Left|8 -> Mid|5
381,Mid|5,2527.277406,382.0,Mid|5,2527.511984,0.2345780000000559,Mid|5 -> Mid|5
382,Mid|5,2527.511984,383.0,Mid|5,2527.746562,0.23457799999960116,Mid|5 -> Mid|5
383,Mid|5,2527.746562,384.0,Mid|5,2527.947629,0.20106699999996636,Mid|5 -> Mid|5
384,Mid|5,2527.947629,385.0,Mid|5,2528.182207,0.2345780000000559,Mid|5 -> Mid|5
385,Mid|5,2528.182207,386.0,Mid|5,2528.383274,0.20106699999996636,Mid|5 -> Mid|5
386,Mid|5,2528.383274,387.0,Mid|5,2528.617852,0.2345780000000559,Mid|5 -> Mid|5
387,Mid|5,2528.617852,388.0,Mid|5,2528.85243,0.2345780000000559,Mid|5 -> Mid|5
388,Mid|5,2528.85243,389.0,Mid|5,2529.053497,0.20106699999996636,Mid|5 -> Mid|5
389,Mid|5,2529.053497,389.0,Left|9,2529.254563,0.20106600000008257,Mid|5 -> Left|9
389,Left|9,2529.254563,390.0,Mid|5,2529.288075,0.03351199999997334,Left|9 -> Mid|5
390,Mid|5,2529.288075,391.0,Mid|5,2529.522653,0.2345780000000559,Mid|5 -> Mid|5
391,Mid|5,2529.522653,392.0,Mid|5,2529.723719,0.20106600000008257,Mid|5 -> Mid|5
392,Mid|5,2529.723719,393.0,Mid|5,2529.958297,0.2345780000000559,Mid|5 -> Mid|5
393,Mid|5,2529.958297,394.0,Mid|5,2530.159364,0.20106699999996636,Mid|5 -> Mid|5
394,Mid|5,2530.159364,394.0,Left|8,2530.192875,0.03351100000008955,Mid|5 -> Left|8
394,Left|8,2530.192875,395.0,Mid|5,2530.393942,0.20106699999996636,Left|8 -> Mid|5
395,Mid|5,2530.393942,396.0,Mid|5,2530.62852,0.2345780000000559,Mid|5 -> Mid|5
396,Mid|5,2530.62852,397.0,Mid|5,2530.829587,0.20106699999996636,Mid|5 -> Mid|5
397,Mid|5,2530.829587,398.0,Mid|5,2531.064165,0.23457799999960116,Mid|5 -> Mid|5
398,Mid|5,2531.064165,399.0,Mid|5,2531.298743,0.2345780000000559,Mid|5 -> Mid|5
399,Mid|5,2531.298743,399.0,Left|8,2531.432787,0.1340440000003582,Mid|5 -> Left|8
399,Left|8,2531.432787,400.0,Mid|5,2531.49981,0.06702299999960815,Left|8 -> Mid|5
400,Mid|5,2531.49981,401.0,Mid|5,2531.734388,0.2345780000000559,Mid|5 -> Mid|5
401,Mid|5,2531.734388,402.0,Mid|5,2531.935455,0.20106699999996636,Mid|5 -> Mid|5
402,Mid|5,2531.935455,403.0,Mid|5,2532.170033,0.2345780000000559,Mid|5 -> Mid|5
403,Mid|5,2532.170033,404.0,Mid|2,2532.471633,0.301600000000235,Mid|5 -> Mid|2
404,Mid|2,2532.471633,405.0,Mid|2,2532.572166,0.10053299999981391,Mid|2 -> Mid|2
405,Mid|2,2532.572166,406.0,Mid|2,2532.840255,0.26808900000014546,Mid|2 -> Mid|2
406,Mid|2,2532.840255,407.0,Mid|2,2533.041322,0.20106699999996636,Mid|2 -> Mid|2
407,Mid|2,2533.041322,408.0,Mid|3,2533.242389,0.20106699999996636,Mid|2 -> Mid|3
408,Mid|3,2533.242389,409.0,Mid|3,2533.443456,0.20106699999996636,Mid|3 -> Mid|3
409,Mid|3,2533.443456,410.0,Mid|3,2533.678034,0.2345780000000559,Mid|3 -> Mid|3
410,Mid|3,2533.678034,411.0,Mid|5,2534.013145,0.3351109999998698,Mid|3 -> Mid|5
411,Mid|5,2534.013145,412.0,Mid|2,2534.247723,0.2345780000000559,Mid|5 -> Mid|2
412,Mid|2,2534.247723,413.0,Mid|2,2534.44879,0.20106699999996636,Mid|2 -> Mid|2
413,Mid|2,2534.44879,414.0,Mid|2,2534.683368,0.2345780000000559,Mid|2 -> Mid|2
414,Mid|2,2534.683368,415.0,Dashboard|5,2535.018479,0.3351109999998698,Mid|2 -> Dashboard|5
415,Dashboard|5,2535.018479,416.0,Dashboard|4,2535.152524,0.134045000000242,Dashboard|5 -> Dashboard|4
416,Dashboard|4,2535.152524,416.0,Left|5,2535.219546,0.06702199999972436,Dashboard|4 -> Left|5
416,Left|5,2535.219546,417.0,Mid|2,2535.353591,0.134045000000242,Left|5 -> Mid|2
417,Mid|2,2535.353591,418.0,Mid|2,2535.588169,0.2345780000000559,Mid|2 -> Mid|2
418,Mid|2,2535.588169,419.0,Mid|5,2535.789236,0.20106699999996636,Mid|2 -> Mid|5
419,Mid|5,2535.789236,419.0,Left|3,2535.889769,0.10053299999981391,Mid|5 -> Left|3
419,Left|3,2535.889769,420.0,Mid|5,2536.023814,0.134045000000242,Left|3 -> Mid|5
420,Mid|5,2536.023814,421.0,Mid|5,2536.22488,0.20106600000008257,Mid|5 -> Mid|5
421,Mid|5,2536.22488,422.0,Mid|5,2536.358925,0.13404499999978725,Mid|5 -> Mid|5
422,Mid|5,2536.358925,421.0,Left|8,2536.358925,0.0,Mid|5 -> Left|8
421,Left|8,2536.358925,422.0,Left|8,2536.358925,0.0,Left|8 -> Left|8
422,Left|8,2536.358925,423.0,Mid|2,2536.526481,0.1675559999998768,Left|8 -> Mid|2
423,Mid|2,2536.526481,424.0,Mid|5,2536.627014,0.10053300000026866,Mid|2 -> Mid|5
424,Mid|5,2536.627014,425.0,Mid|5,2536.861592,0.2345780000000559,Mid|5 -> Mid|5
425,Mid|5,2536.861592,426.0,Mid|5,2537.09617,0.23457799999960116,Mid|5 -> Mid|5
426,Mid|5,2537.09617,427.0,Mid|5,2537.297237,0.2010670000004211,Mid|5 -> Mid|5
427,Mid|5,2537.297237,428.0,Mid|2,2537.531815,0.23457799999960116,Mid|5 -> Mid|2
428,Mid|2,2537.531815,428.0,Left|3,2537.665859,0.1340440000003582,Mid|2 -> Left|3
428,Left|3,2537.665859,429.0,Mid|5,2537.732882,0.06702299999960815,Left|3 -> Mid|5
429,Mid|5,2537.732882,430.0,Mid|2,2538.000971,0.26808900000014546,Mid|5 -> Mid|2
430,Mid|2,2538.000971,431.0,Mid|5,2538.202038,0.20106699999996636,Mid|2 -> Mid|5
431,Mid|5,2538.202038,432.0,Mid|2,2538.436616,0.2345780000000559,Mid|5 -> Mid|2
432,Mid|2,2538.436616,433.0,Mid|2,2538.704705,0.26808900000014546,Mid|2 -> Mid|2
433,Mid|2,2538.704705,434.0,Mid|5,2538.87226,0.16755499999999302,Mid|2 -> Mid|5
434,Mid|5,2538.87226,435.0,Mid|5,2539.173861,0.3016010000001188,Mid|5 -> Mid|5
435,Mid|5,2539.173861,436.0,Mid|5,2539.307905,0.13404399999990346,Mid|5 -> Mid|5
436,Mid|5,2539.307905,437.0,Mid|2,2539.643017,0.3351119999997536,Mid|5 -> Mid|2
437,Mid|2,2539.643017,438.0,Mid|2,2539.74355,0.10053300000026866,Mid|2 -> Mid|2
438,Mid|2,2539.74355,439.0,Mid|2,2539.911106,0.1675559999998768,Mid|2 -> Mid|2
439,Mid|2,2539.911106,439.0,Left|3,2539.944617,0.03351100000008955,Mid|2 -> Left|3
439,Left|3,2539.944617,440.0,Mid|2,2540.145684,0.20106699999996636,Left|3 -> Mid|2
440,Mid|2,2540.145684,441.0,Mid|1,2540.279728,0.13404399999990346,Mid|2 -> Mid|1
441,Mid|1,2540.279728,442.0,Mid|1,2540.480795,0.20106699999996636,Mid|1 -> Mid|1
442,Mid|1,2540.480795,442.0,Left|6,2540.61484,0.134045000000242,Mid|1 -> Left|6
442,Left|6,2540.61484,443.0,Mid|5,2540.681862,0.06702199999972436,Left|6 -> Mid|5
443,Mid|5,2540.681862,444.0,Mid|2,2540.815907,0.134045000000242,Mid|5 -> Mid|2
444,Mid|2,2540.815907,445.0,Mid|5,2541.016973,0.20106599999962782,Mid|2 -> Mid|5
445,Mid|5,2541.016973,446.0,Mid|5,2541.251551,0.2345780000000559,Mid|5 -> Mid|5
446,Mid|5,2541.251551,447.0,Mid|5,2541.486129,0.2345780000000559,Mid|5 -> Mid|5
447,Mid|5,2541.486129,448.0,Mid|5,2541.687196,0.20106699999996636,Mid|5 -> Mid|5
448,Mid|5,2541.687196,449.0,Mid|2,2541.921774,0.2345780000000559,Mid|5 -> Mid|2
449,Mid|2,2541.921774,449.0,Left|6,2542.022308,0.10053400000015245,Mid|2 -> Left|6
449,Left|6,2542.022308,450.0,Mid|2,2542.055819,0.03351100000008955,Left|6 -> Mid|2
450,Mid|2,2542.055819,451.0,Mid|5,2542.256886,0.20106699999996636,Mid|2 -> Mid|5
451,Mid|5,2542.256886,452.0,Mid|2,2542.491464,0.2345780000000559,Mid|5 -> Mid|2
452,Mid|2,2542.491464,453.0,Mid|2,2542.69253,0.20106599999962782,Mid|2 -> Mid|2
453,Mid|2,2542.69253,454.0,Mid|2,2542.927108,0.2345780000000559,Mid|2 -> Mid|2
454,Mid|2,2542.927108,455.0,Mid|2,2543.161686,0.2345780000000559,Mid|2 -> Mid|2
455,Mid|2,2543.161686,456.0,Mid|5,2543.362753,0.20106699999996636,Mid|2 -> Mid|5
456,Mid|5,2543.362753,457.0,Mid|5,2543.597331,0.2345780000000559,Mid|5 -> Mid|5
457,Mid|5,2543.597331,458.0,Mid|2,2543.798398,0.20106699999996636,Mid|5 -> Mid|2
458,Mid|2,2543.798398,459.0,Mid|2,2543.999465,0.20106699999996636,Mid|2 -> Mid|2
459,Mid|2,2543.999465,460.0,Mid|2,2544.200532,0.20106699999996636,Mid|2 -> Mid|2
460,Mid|2,2544.200532,461.0,Mid|2,2544.43511,0.2345780000000559,Mid|2 -> Mid|2
461,Mid|2,2544.43511,462.0,Mid|2,2544.669688,0.2345780000000559,Mid|2 -> Mid|2
462,Mid|2,2544.669688,463.0,Mid|2,2544.870754,0.20106600000008257,Mid|2 -> Mid|2
463,Mid|2,2544.870754,464.0,Mid|2,2545.105332,0.2345780000000559,Mid|2 -> Mid|2
464,Mid|2,2545.105332,465.0,Mid|2,2545.33991,0.2345780000000559,Mid|2 -> Mid|2
465,Mid|2,2545.33991,466.0,Mid|2,2545.473955,0.13404499999978725,Mid|2 -> Mid|2
466,Mid|2,2545.473955,467.0,Mid|2,2545.708533,0.2345780000000559,Mid|2 -> Mid|2
467,Mid|2,2545.708533,468.0,Mid|5,2545.9096,0.20106699999996636,Mid|2 -> Mid|5
468,Mid|5,2545.9096,469.0,Mid|5,2546.110667,0.20106699999996636,Mid|5 -> Mid|5
469,Mid|5,2546.110667,469.0,Left|8,2546.244711,0.13404399999990346,Mid|5 -> Left|8
469,Left|8,2546.244711,470.0,Mid|5,2546.278222,0.03351100000008955,Left|8 -> Mid|5
470,Mid|5,2546.278222,471.0,Mid|2,2546.345245,0.0670230000000629,Mid|5 -> Mid|2
471,Mid|2,2546.345245,472.0,Mid|2,2546.445778,0.10053299999981391,Mid|2 -> Mid|2
472,Mid|2,2546.445778,473.0,Dashboard|5,2546.579823,0.134045000000242,Mid|2 -> Dashboard|5
473,Dashboard|5,2546.579823,474.0,Dashboard|2,2546.713867,0.13404399999990346,Dashboard|5 -> Dashboard|2
474,Dashboard|2,2546.713867,475.0,Mid|2,2546.881423,0.1675559999998768,Dashboard|2 -> Mid|2
475,Mid|2,2546.881423,476.0,Mid|2,2546.981956,0.10053300000026866,Mid|2 -> Mid|2
476,Mid|2,2546.981956,477.0,Mid|2,2547.283556,0.30159999999978027,Mid|2 -> Mid|2
477,Mid|2,2547.283556,477.0,Left|8,2547.317068,0.03351199999997334,Mid|2 -> Left|8
477,Left|8,2547.317068,478.0,Mid|2,2547.518134,0.20106600000008257,Left|8 -> Mid|2
478,Mid|2,2547.518134,479.0,Mid|2,2547.786224,0.26809000000002925,Mid|2 -> Mid|2
479,Mid|2,2547.786224,480.0,Mid|2,2548.188357,0.4021330000000489,Mid|2 -> Mid|2
480,Mid|2,2548.188357,481.0,Mid|2,2548.389424,0.20106699999996636,Mid|2 -> Mid|2
481,Mid|2,2548.389424,482.0,Mid|2,2548.624002,0.2345780000000559,Mid|2 -> Mid|2
482,Mid|2,2548.624002,482.0,Left|3,2548.791558,0.1675559999998768,Mid|2 -> Left|3
482,Left|3,2548.791558,483.0,Mid|2,2548.825069,0.03351100000008955,Left|3 -> Mid|2
483,Mid|2,2548.825069,484.0,Mid|5,2549.059647,0.2345780000000559,Mid|2 -> Mid|5
484,Mid|5,2549.059647,485.0,Mid|5,2549.227203,0.1675559999998768,Mid|5 -> Mid|5
485,Mid|5,2549.227203,486.0,Mid|5,2549.461781,0.2345780000000559,Mid|5 -> Mid|5
486,Mid|5,2549.461781,487.0,Mid|5,2549.662847,0.20106600000008257,Mid|5 -> Mid|5
487,Mid|5,2549.662847,488.0,Mid|2,2549.930936,0.26808900000014546,Mid|5 -> Mid|2
488,Mid|2,2549.930936,488.0,Left|6,2550.064981,0.13404499999978725,Mid|2 -> Left|6
488,Left|6,2550.064981,489.0,Mid|2,2550.132003,0.0670220000001791,Left|6 -> Mid|2
489,Mid|2,2550.132003,490.0,Mid|2,2550.33307,0.20106699999996636,Mid|2 -> Mid|2
490,Mid|2,2550.33307,490.0,Left|8,2550.534137,0.20106699999996636,Mid|2 -> Left|8
490,Left|8,2550.534137,491.0,Mid|5,2550.768715,0.2345780000000559,Left|8 -> Mid|5
491,Mid|5,2550.768715,492.0,Mid|2,2551.003293,0.2345780000000559,Mid|5 -> Mid|2
492,Mid|2,2551.003293,493.0,Mid|2,2551.237871,0.23457799999960116,Mid|2 -> Mid|2
493,Mid|2,2551.237871,493.0,Left|6,2551.271382,0.03351100000008955,Mid|2 -> Left|6
493,Left|6,2551.271382,494.0,Mid|2,2551.438938,0.1675559999998768,Left|6 -> Mid|2
494,Mid|2,2551.438938,494.0,Left|8,2551.472449,0.03351100000008955,Mid|2 -> Left|8
494,Left|8,2551.472449,495.0,Mid|5,2551.673516,0.20106699999996636,Left|8 -> Mid|5
495,Mid|5,2551.673516,496.0,Mid|5,2551.908094,0.2345780000000559,Mid|5 -> Mid|5
496,Mid|5,2551.908094,497.0,Mid|5,2552.109161,0.20106699999996636,Mid|5 -> Mid|5
497,Mid|5,2552.109161,497.0,Left|6,2552.176183,0.0670220000001791,Mid|5 -> Left|6
497,Left|6,2552.176183,498.0,Mid|5,2552.343739,0.1675559999998768,Left|6 -> Mid|5
498,Mid|5,2552.343739,499.0,Mid|2,2552.611828,0.26808900000014546,Mid|5 -> Mid|2
499,Mid|2,2552.611828,500.0,Mid|2,2553.080984,0.4691560000001118,Mid|2 -> Mid|2
500,Mid|2,2553.080984,500.0,Left|3,2553.248539,0.16755499999999302,Mid|2 -> Left|3
500,Left|3,2553.248539,501.0,Mid|2,2553.315562,0.0670230000000629,Left|3 -> Mid|2
501,Mid|2,2553.315562,502.0,Mid|5,2553.55014,0.23457799999960116,Mid|2 -> Mid|5
502,Mid|5,2553.55014,503.0,Mid|5,2553.751206,0.20106600000008257,Mid|5 -> Mid|5
503,Mid|5,2553.751206,504.0,Mid|5,2553.985784,0.2345780000000559,Mid|5 -> Mid|5
504,Mid|5,2553.985784,505.0,Mid|2,2554.253873,0.26808900000014546,Mid|5 -> Mid|2
505,Mid|2,2554.253873,506.0,Mid|2,2554.488451,0.2345780000000559,Mid|2 -> Mid|2
506,Mid|2,2554.488451,507.0,Mid|2,2554.723029,0.2345780000000559,Mid|2 -> Mid|2
507,Mid|2,2554.723029,508.0,Mid|5,2554.924096,0.20106699999996636,Mid|2 -> Mid|5
508,Mid|5,2554.924096,509.0,Mid|5,2555.158674,0.23457799999960116,Mid|5 -> Mid|5
509,Mid|5,2555.158674,509.0,Left|9,2555.259208,0.10053400000015245,Mid|5 -> Left|9
509,Left|9,2555.259208,510.0,Mid|5,2555.359741,0.10053300000026866,Left|9 -> Mid|5
510,Mid|5,2555.359741,511.0,Mid|5,2555.862408,0.5026669999997466,Mid|5 -> Mid|5
511,Mid|5,2555.862408,512.0,Mid|5,2556.096986,0.2345780000000559,Mid|5 -> Mid|5
512,Mid|5,2556.096986,513.0,Mid|5,2556.365075,0.26808900000014546,Mid|5 -> Mid|5
513,Mid|5,2556.365075,514.0,Mid|5,2556.599653,0.2345780000000559,Mid|5 -> Mid|5
514,Mid|5,2556.599653,515.0,Mid|2,2556.80072,0.20106699999996636,Mid|5 -> Mid|2
515,Mid|2,2556.80072,516.0,Mid|2,2557.035298,0.23457799999960116,Mid|2 -> Mid|2
516,Mid|2,2557.035298,517.0,Mid|2,2557.236365,0.2010670000004211,Mid|2 -> Mid|2
517,Mid|2,2557.236365,518.0,Mid|3,2557.403921,0.1675559999998768,Mid|2 -> Mid|3
518,Mid|3,2557.403921,519.0,Mid|5,2557.604987,0.20106600000008257,Mid|3 -> Mid|5
519,Mid|5,2557.604987,520.0,Mid|5,2557.839565,0.2345780000000559,Mid|5 -> Mid|5
520,Mid|5,2557.839565,520.0,Left|3,2557.873077,0.03351199999997334,Mid|5 -> Left|3
520,Left|3,2557.873077,521.0,Mid|5,2558.074143,0.20106599999962782,Left|3 -> Mid|5
521,Mid|5,2558.074143,522.0,Mid|2,2558.27521,0.20106699999996636,Mid|5 -> Mid|2
522,Mid|2,2558.27521,523.0,Mid|5,2558.409255,0.134045000000242,Mid|2 -> Mid|5
523,Mid|5,2558.409255,524.0,Mid|5,2558.8449,0.43564500000002226,Mid|5 -> Mid|5
524,Mid|5,2558.8449,525.0,Mid|2,2558.945433,0.10053299999981391,Mid|5 -> Mid|2
525,Mid|2,2558.945433,525.0,Left|3,2559.079478,0.134045000000242,Mid|2 -> Left|3
525,Left|3,2559.079478,526.0,Mid|2,2559.1465,0.06702199999972436,Left|3 -> Mid|2
526,Mid|2,2559.1465,527.0,Mid|2,2559.280544,0.1340440000003582,Mid|2 -> Mid|2
527,Mid|2,2559.280544,527.0,Left|6,2559.280544,0.0,Mid|2 -> Left|6
527,Left|6,2559.280544,526.0,Left|6,2559.280544,0.0,Left|6 -> Left|6
526,Left|6,2559.280544,528.0,Mid|2,2559.381078,0.1005339999996977,Left|6 -> Mid|2
528,Mid|2,2559.381078,529.0,Mid|2,2559.4481,0.0670220000001791,Mid|2 -> Mid|2
529,Mid|2,2559.4481,529.0,Left|7,2559.481611,0.03351100000008955,Mid|2 -> Left|7
529,Left|7,2559.481611,530.0,Mid|2,2559.582145,0.1005339999996977,Left|7 -> Mid|2
530,Mid|2,2559.582145,531.0,Mid|5,2559.7497,0.16755499999999302,Mid|2 -> Mid|5
531,Mid|5,2559.7497,532.0,Mid|5,2559.950767,0.20106699999996636,Mid|5 -> Mid|5
532,Mid|5,2559.950767,533.0,Mid|5,2560.185345,0.2345780000000559,Mid|5 -> Mid|5
533,Mid|5,2560.185345,534.0,Mid|2,2560.285879,0.10053400000015245,Mid|5 -> Mid|2
534,Mid|2,2560.285879,535.0,Mid|5,2560.486945,0.20106600000008257,Mid|2 -> Mid|5
535,Mid|5,2560.486945,536.0,Mid|5,2560.721523,0.2345780000000559,Mid|5 -> Mid|5
536,Mid|5,2560.721523,537.0,Mid|5,2560.889079,0.1675559999998768,Mid|5 -> Mid|5
537,Mid|5,2560.889079,538.0,Mid|5,2561.090146,0.20106699999996636,Mid|5 -> Mid|5
538,Mid|5,2561.090146,539.0,Mid|5,2561.190679,0.10053299999981391,Mid|5 -> Mid|5
539,Mid|5,2561.190679,540.0,Mid|5,2561.425257,0.2345780000000559,Mid|5 -> Mid|5
540,Mid|5,2561.425257,541.0,Mid|5,2561.726858,0.3016010000001188,Mid|5 -> Mid|5
541,Mid|5,2561.726858,542.0,Mid|5,2561.927924,0.20106600000008257,Mid|5 -> Mid|5
542,Mid|5,2561.927924,543.0,Mid|5,2562.162502,0.2345780000000559,Mid|5 -> Mid|5
543,Mid|5,2562.162502,543.0,Left|2,2562.330058,0.1675559999998768,Mid|5 -> Left|2
543,Left|2,2562.330058,544.0,Mid|5,2562.39708,0.0670220000001791,Left|2 -> Mid|5
544,Mid|5,2562.39708,545.0,Mid|5,2562.598147,0.20106699999996636,Mid|5 -> Mid|5
545,Mid|5,2562.598147,546.0,Mid|2,2562.866236,0.2680889999996907,Mid|5 -> Mid|2
546,Mid|2,2562.866236,547.0,Mid|2,2563.000281,0.134045000000242,Mid|2 -> Mid|2
547,Mid|2,2563.000281,548.0,Mid|2,2563.201348,0.20106699999996636,Mid|2 -> Mid|2
548,Mid|2,2563.201348,549.0,Mid|2,2563.402415,0.20106699999996636,Mid|2 -> Mid|2
549,Mid|2,2563.402415,550.0,Mid|2,2563.636993,0.2345780000000559,Mid|2 -> Mid|2
550,Mid|2,2563.636993,551.0,Mid|2,2563.771037,0.13404399999990346,Mid|2 -> Mid|2
551,Mid|2,2563.771037,552.0,Mid|5,2563.905082,0.134045000000242,Mid|2 -> Mid|5
552,Mid|5,2563.905082,553.0,Mid|5,2564.13966,0.23457799999960116,Mid|5 -> Mid|5
553,Mid|5,2564.13966,554.0,Mid|2,2564.407749,0.26808900000014546,Mid|5 -> Mid|2
554,Mid|2,2564.407749,555.0,Mid|2,2564.541793,0.13404399999990346,Mid|2 -> Mid|2
555,Mid|2,2564.541793,556.0,Mid|2,2564.776371,0.2345780000000559,Mid|2 -> Mid|2
556,Mid|2,2564.776371,557.0,Mid|5,2565.111483,0.33511200000020835,Mid|2 -> Mid|5
557,Mid|5,2565.111483,558.0,Mid|5,2565.346061,0.2345780000000559,Mid|5 -> Mid|5
558,Mid|5,2565.346061,559.0,Mid|5,2565.61415,0.2680889999996907,Mid|5 -> Mid|5
559,Mid|5,2565.61415,560.0,Mid|5,2565.748194,0.13404399999990346,Mid|5 -> Mid|5
560,Mid|5,2565.748194,561.0,Mid|5,2565.848728,0.10053400000015245,Mid|5 -> Mid|5
561,Mid|5,2565.848728,562.0,Mid|2,2565.982772,0.13404399999990346,Mid|5 -> Mid|2
562,Mid|2,2565.982772,563.0,Mid|2,2566.21735,0.2345780000000559,Mid|2 -> Mid|2
563,Mid|2,2566.21735,564.0,Mid|2,2566.351395,0.134045000000242,Mid|2 -> Mid|2
564,Mid|2,2566.351395,565.0,Mid|2,2566.552462,0.20106699999996636,Mid|2 -> Mid|2
565,Mid|2,2566.552462,566.0,Mid|2,2566.78704,0.2345780000000559,Mid|2 -> Mid|2
566,Mid|2,2566.78704,566.0,Left|8,2566.921084,0.13404399999990346,Mid|2 -> Left|8
566,Left|8,2566.921084,567.0,Mid|2,2567.021618,0.10053400000015245,Left|8 -> Mid|2
567,Mid|2,2567.021618,568.0,Mid|2,2567.222684,0.20106599999962782,Mid|2 -> Mid|2
568,Mid|2,2567.222684,569.0,Dashboard|5,2567.490774,0.26809000000002925,Mid|2 -> Dashboard|5
569,Dashboard|5,2567.490774,570.0,Dashboard|5,2567.624818,0.13404399999990346,Dashboard|5 -> Dashboard|5
570,Dashboard|5,2567.624818,571.0,Mid|2,2567.825885,0.2010670000004211,Dashboard|5 -> Mid|2
571,Mid|2,2567.825885,572.0,Mid|5,2567.993441,0.1675559999998768,Mid|2 -> Mid|5
572,Mid|5,2567.993441,573.0,Mid|5,2568.160996,0.16755499999999302,Mid|5 -> Mid|5
573,Mid|5,2568.160996,574.0,Mid|5,2568.362063,0.20106699999996636,Mid|5 -> Mid|5
574,Mid|5,2568.362063,575.0,Mid|2,2568.56313,0.20106699999996636,Mid|5 -> Mid|2
575,Mid|2,2568.56313,576.0,Mid|2,2568.797708,0.2345780000000559,Mid|2 -> Mid|2
576,Mid|2,2568.797708,577.0,Mid|2,2569.032286,0.2345780000000559,Mid|2 -> Mid|2
577,Mid|2,2569.032286,578.0,Mid|2,2569.233353,0.20106699999996636,Mid|2 -> Mid|2
578,Mid|2,2569.233353,579.0,Mid|2,2569.467931,0.2345780000000559,Mid|2 -> Mid|2
579,Mid|2,2569.467931,580.0,Mid|2,2569.668998,0.20106699999996636,Mid|2 -> Mid|2
580,Mid|2,2569.668998,581.0,Mid|2,2569.870064,0.20106600000008257,Mid|2 -> Mid|2
581,Mid|2,2569.870064,582.0,Mid|2,2570.004109,0.13404499999978725,Mid|2 -> Mid|2
582,Mid|2,2570.004109,583.0,Mid|2,2570.238687,0.2345780000000559,Mid|2 -> Mid|2
583,Mid|2,2570.238687,584.0,Mid|5,2570.741354,0.5026669999997466,Mid|2 -> Mid|5
584,Mid|5,2570.741354,585.0,Mid|5,2570.90891,0.16755600000033155,Mid|5 -> Mid|5
585,Mid|5,2570.90891,586.0,Mid|5,2571.109977,0.20106699999996636,Mid|5 -> Mid|5
586,Mid|5,2571.109977,587.0,Mid|2,2571.277532,0.16755499999999302,Mid|5 -> Mid|2
587,Mid|2,2571.277532,588.0,Mid|2,2571.51211,0.2345780000000559,Mid|2 -> Mid|2
588,Mid|2,2571.51211,589.0,Mid|2,2571.713177,0.20106699999996636,Mid|2 -> Mid|2
589,Mid|2,2571.713177,590.0,Mid|2,2571.947755,0.2345780000000559,Mid|2 -> Mid|2
590,Mid|2,2571.947755,591.0,Mid|5,2572.215844,0.2680889999996907,Mid|2 -> Mid|5
591,Mid|5,2572.215844,592.0,Mid|5,2572.450422,0.2345780000000559,Mid|5 -> Mid|5
592,Mid|5,2572.450422,593.0,Mid|5,2572.651489,0.20106699999996636,Mid|5 -> Mid|5
593,Mid|5,2572.651489,594.0,Mid|5,2572.852556,0.20106699999996636,Mid|5 -> Mid|5
594,Mid|5,2572.852556,595.0,Mid|5,2573.087134,0.2345780000000559,Mid|5 -> Mid|5
595,Mid|5,2573.087134,596.0,Mid|5,2573.288201,0.20106699999996636,Mid|5 -> Mid|5
596,Mid|5,2573.288201,597.0,Mid|5,2573.489268,0.20106699999996636,Mid|5 -> Mid|5
597,Mid|5,2573.489268,598.0,Mid|5,2573.723846,0.2345780000000559,Mid|5 -> Mid|5
598,Mid|5,2573.723846,599.0,Mid|2,2573.924912,0.20106600000008257,Mid|5 -> Mid|2
599,Mid|2,2573.924912,600.0,Mid|2,2574.15949,0.2345780000000559,Mid|2 -> Mid|2
600,Mid|2,2574.15949,601.0,Mid|2,2574.394068,0.2345780000000559,Mid|2 -> Mid|2
601,Mid|2,2574.394068,601.0,Left|3,2574.494602,0.10053400000015245,Mid|2 -> Left|3
601,Left|3,2574.494602,602.0,Mid|5,2574.595135,0.10053299999981391,Left|3 -> Mid|5
602,Mid|5,2574.595135,603.0,Mid|5,2574.863224,0.26808900000014546,Mid|5 -> Mid|5
603,Mid|5,2574.863224,604.0,Mid|5,2575.298869,0.43564500000002226,Mid|5 -> Mid|5
604,Mid|5,2575.298869,605.0,Mid|5,2575.499936,0.20106699999996636,Mid|5 -> Mid|5
605,Mid|5,2575.499936,606.0,Mid|5,2575.734514,0.2345780000000559,Mid|5 -> Mid|5
606,Mid|5,2575.734514,607.0,Mid|5,2575.935581,0.20106699999996636,Mid|5 -> Mid|5
607,Mid|5,2575.935581,608.0,Mid|5,2576.170159,0.23457799999960116,Mid|5 -> Mid|5
608,Mid|5,2576.170159,609.0,Mid|5,2576.404737,0.2345780000000559,Mid|5 -> Mid|5
609,Mid|5,2576.404737,610.0,Mid|5,2576.538781,0.1340440000003582,Mid|5 -> Mid|5
610,Mid|5,2576.538781,611.0,Mid|5,2576.773359,0.23457799999960116,Mid|5 -> Mid|5
611,Mid|5,2576.773359,612.0,Mid|5,2576.940915,0.16755600000033155,Mid|5 -> Mid|5
612,Mid|5,2576.940915,612.0,Left|8,2576.974426,0.03351100000008955,Mid|5 -> Left|8
612,Left|8,2576.974426,613.0,Mid|2,2577.175493,0.20106699999996636,Left|8 -> Mid|2
613,Mid|2,2577.175493,614.0,Mid|2,2577.410071,0.23457799999960116,Mid|2 -> Mid|2
614,Mid|2,2577.410071,614.0,Left|8,2577.544115,0.1340440000003582,Mid|2 -> Left|8
614,Left|8,2577.544115,615.0,Mid|5,2577.577627,0.03351199999997334,Left|8 -> Mid|5
615,Mid|5,2577.577627,616.0,Mid|2,2577.778693,0.20106600000008257,Mid|5 -> Mid|2
616,Mid|2,2577.778693,617.0,Mid|5,2578.013271,0.23457799999960116,Mid|2 -> Mid|5
617,Mid|5,2578.013271,618.0,Mid|5,2578.147316,0.134045000000242,Mid|5 -> Mid|5
618,Mid|5,2578.147316,619.0,Mid|5,2578.381894,0.2345780000000559,Mid|5 -> Mid|5
619,Mid|5,2578.381894,620.0,Mid|5,2578.482427,0.10053299999981391,Mid|5 -> Mid|5
620,Mid|5,2578.482427,621.0,Mid|5,2578.683494,0.20106699999996636,Mid|5 -> Mid|5
621,Mid|5,2578.683494,622.0,Mid|5,2578.918072,0.2345780000000559,Mid|5 -> Mid|5
622,Mid|5,2578.918072,623.0,Mid|5,2579.15265,0.2345780000000559,Mid|5 -> Mid|5
623,Mid|5,2579.15265,624.0,Mid|5,2579.353717,0.20106699999996636,Mid|5 -> Mid|5
624,Mid|5,2579.353717,625.0,Mid|2,2579.588295,0.2345780000000559,Mid|5 -> Mid|2
625,Mid|2,2579.588295,626.0,Mid|2,2579.822873,0.2345780000000559,Mid|2 -> Mid|2
626,Mid|2,2579.822873,627.0,Mid|5,2580.02394,0.20106699999996636,Mid|2 -> Mid|5
627,Mid|5,2580.02394,628.0,Mid|5,2580.258518,0.2345780000000559,Mid|5 -> Mid|5
628,Mid|5,2580.258518,629.0,Mid|5,2580.426073,0.16755499999999302,Mid|5 -> Mid|5
629,Mid|5,2580.426073,630.0,Mid|5,2580.660651,0.2345780000000559,Mid|5 -> Mid|5
630,Mid|5,2580.660651,630.0,Left|8,2580.694163,0.03351199999997334,Mid|5 -> Left|8
630,Left|8,2580.694163,631.0,Mid|5,2580.928741,0.2345780000000559,Left|8 -> Mid|5
631,Mid|5,2580.928741,632.0,Mid|5,2581.129807,0.20106599999962782,Mid|5 -> Mid|5
632,Mid|5,2581.129807,633.0,Mid|5,2581.330874,0.2010670000004211,Mid|5 -> Mid|5
633,Mid|5,2581.330874,633.0,Left|2,2581.431408,0.1005339999996977,Mid|5 -> Left|2
633,Left|2,2581.431408,634.0,Mid|5,2581.531941,0.10053300000026866,Left|2 -> Mid|5
634,Mid|5,2581.531941,635.0,Mid|2,2581.699497,0.1675559999998768,Mid|5 -> Mid|2
635,Mid|2,2581.699497,636.0,Mid|5,2581.900564,0.20106699999996636,Mid|2 -> Mid|5
636,Mid|5,2581.900564,637.0,Mid|5,2582.135142,0.2345780000000559,Mid|5 -> Mid|5
637,Mid|5,2582.135142,637.0,Left|8,2582.336208,0.20106600000008257,Mid|5 -> Left|8
637,Left|8,2582.336208,638.0,Left|8,2582.336208,0.0,Left|8 -> Left|8
638,Left|8,2582.336208,638.0,Mid|5,2582.336208,0.0,Left|8 -> Mid|5
638,Mid|5,2582.336208,639.0,Mid|5,2582.570786,0.2345780000000559,Mid|5 -> Mid|5
639,Mid|5,2582.570786,639.0,Left|9,2582.637809,0.06702299999960815,Mid|5 -> Left|9
639,Left|9,2582.637809,640.0,Mid|5,2582.805364,0.16755499999999302,Left|9 -> Mid|5
640,Mid|5,2582.805364,641.0,Mid|5,2583.006431,0.20106699999996636,Mid|5 -> Mid|5
641,Mid|5,2583.006431,641.0,Left|8,2583.106965,0.10053400000015245,Mid|5 -> Left|8
641,Left|8,2583.106965,642.0,Mid|5,2583.241009,0.13404399999990346,Left|8 -> Mid|5
642,Mid|5,2583.241009,643.0,Mid|5,2583.475587,0.2345780000000559,Mid|5 -> Mid|5
643,Mid|5,2583.475587,644.0,Mid|2,2583.676654,0.20106699999996636,Mid|5 -> Mid|2
644,Mid|2,2583.676654,645.0,Mid|2,2583.944743,0.26808900000014546,Mid|2 -> Mid|2
645,Mid|2,2583.944743,646.0,Mid|2,2584.045276,0.10053299999981391,Mid|2 -> Mid|2
646,Mid|2,2584.045276,647.0,Mid|2,2584.279854,0.2345780000000559,Mid|2 -> Mid|2
647,Mid|2,2584.279854,648.0,Mid|2,2584.346877,0.0670230000000629,Mid|2 -> Mid|2
648,Mid|2,2584.346877,648.0,Left|2,2584.514432,0.16755499999999302,Mid|2 -> Left|2
648,Left|2,2584.514432,649.0,Mid|2,2584.581455,0.0670230000000629,Left|2 -> Mid|2
649,Mid|2,2584.581455,650.0,Mid|2,2584.782522,0.20106699999996636,Mid|2 -> Mid|2
650,Mid|2,2584.782522,651.0,Mid|2,2584.983588,0.20106600000008257,Mid|2 -> Mid|2
651,Mid|2,2584.983588,652.0,Mid|5,2585.251677,0.26808900000014546,Mid|2 -> Mid|5
652,Mid|5,2585.251677,653.0,Mid|5,2585.486255,0.23457799999960116,Mid|5 -> Mid|5
653,Mid|5,2585.486255,654.0,Mid|5,2585.687322,0.2010670000004211,Mid|5 -> Mid|5
654,Mid|5,2585.687322,655.0,Mid|5,2585.9219,0.23457799999960116,Mid|5 -> Mid|5
655,Mid|5,2585.9219,656.0,Mid|2,2586.122967,0.20106699999996636,Mid|5 -> Mid|2
656,Mid|2,2586.122967,657.0,Mid|2,2586.357545,0.2345780000000559,Mid|2 -> Mid|2
657,Mid|2,2586.357545,658.0,Mid|5,2586.592123,0.2345780000000559,Mid|2 -> Mid|5
658,Mid|5,2586.592123,659.0,Mid|5,2586.79319,0.20106699999996636,Mid|5 -> Mid|5
659,Mid|5,2586.79319,660.0,Mid|5,2587.027768,0.2345780000000559,Mid|5 -> Mid|5
660,Mid|5,2587.027768,661.0,Mid|5,2587.262346,0.2345780000000559,Mid|5 -> Mid|5
661,Mid|5,2587.262346,661.0,Left|6,2587.329368,0.0670220000001791,Mid|5 -> Left|6
661,Left|6,2587.329368,662.0,Mid|5,2587.463413,0.13404499999978725,Left|6 -> Mid|5
662,Mid|5,2587.463413,663.0,Mid|5,2587.697991,0.2345780000000559,Mid|5 -> Mid|5
663,Mid|5,2587.697991,664.0,Mid|5,2587.899058,0.20106699999996636,Mid|5 -> Mid|5
664,Mid|5,2587.899058,664.0,Left|6,2587.999591,0.10053299999981391,Mid|5 -> Left|6
664,Left|6,2587.999591,665.0,Mid|2,2588.133635,0.1340440000003582,Left|6 -> Mid|2
665,Mid|2,2588.133635,666.0,Mid|5,2588.368213,0.2345780000000559,Mid|2 -> Mid|5
666,Mid|5,2588.368213,667.0,Mid|2,2588.56928,0.20106699999996636,Mid|5 -> Mid|2
667,Mid|2,2588.56928,667.0,Left|9,2588.602791,0.033510999999634805,Mid|2 -> Left|9
667,Left|9,2588.602791,668.0,Mid|5,2588.803858,0.2010670000004211,Left|9 -> Mid|5
668,Mid|5,2588.803858,669.0,Mid|5,2589.038436,0.23457799999960116,Mid|5 -> Mid|5
669,Mid|5,2589.038436,670.0,Mid|5,2589.239503,0.20106699999996636,Mid|5 -> Mid|5
670,Mid|5,2589.239503,671.0,Mid|2,2589.474081,0.2345780000000559,Mid|5 -> Mid|2
671,Mid|2,2589.474081,672.0,Mid|2,2589.675148,0.20106699999996636,Mid|2 -> Mid|2
672,Mid|2,2589.675148,673.0,Mid|5,2589.909726,0.2345780000000559,Mid|2 -> Mid|5
673,Mid|5,2589.909726,674.0,Mid|2,2590.144304,0.2345780000000559,Mid|5 -> Mid|2
674,Mid|2,2590.144304,675.0,Mid|2,2590.345371,0.20106699999996636,Mid|2 -> Mid|2
675,Mid|2,2590.345371,676.0,Mid|2,2590.579949,0.2345780000000559,Mid|2 -> Mid|2
676,Mid|2,2590.579949,676.0,Left|3,2590.747504,0.16755499999999302,Mid|2 -> Left|3
676,Left|3,2590.747504,677.0,Mid|2,2590.814527,0.0670230000000629,Left|3 -> Mid|2
677,Mid|2,2590.814527,678.0,Mid|5,2590.91506,0.10053299999981391,Mid|2 -> Mid|5
678,Mid|5,2590.91506,678.0,Left|9,2591.116127,0.20106699999996636,Mid|5 -> Left|9
678,Left|9,2591.116127,679.0,Mid|5,2591.149638,0.03351100000008955,Left|9 -> Mid|5
679,Mid|5,2591.149638,680.0,Mid|5,2591.384216,0.2345780000000559,Mid|5 -> Mid|5
680,Mid|5,2591.384216,681.0,Mid|5,2591.518261,0.134045000000242,Mid|5 -> Mid|5
681,Mid|5,2591.518261,682.0,Mid|5,2591.920394,0.4021330000000489,Mid|5 -> Mid|5
682,Mid|5,2591.920394,683.0,Dashboard|4,2592.154972,0.23457799999960116,Mid|5 -> Dashboard|4
683,Dashboard|4,2592.154972,684.0,Mid|5,2592.423061,0.26808900000014546,Dashboard|4 -> Mid|5
684,Mid|5,2592.423061,685.0,Mid|5,2592.657639,0.2345780000000559,Mid|5 -> Mid|5
685,Mid|5,2592.657639,686.0,Mid|2,2592.858706,0.20106699999996636,Mid|5 -> Mid|2
686,Mid|2,2592.858706,687.0,Mid|5,2593.093284,0.2345780000000559,Mid|2 -> Mid|5
687,Mid|5,2593.093284,688.0,Mid|5,2593.294351,0.20106699999996636,Mid|5 -> Mid|5
688,Mid|5,2593.294351,689.0,Mid|5,2593.528929,0.2345780000000559,Mid|5 -> Mid|5
689,Mid|5,2593.528929,690.0,Mid|5,2593.763507,0.2345780000000559,Mid|5 -> Mid|5
690,Mid|5,2593.763507,691.0,Mid|5,2593.964574,0.20106699999996636,Mid|5 -> Mid|5
691,Mid|5,2593.964574,692.0,Mid|5,2594.132129,0.16755499999999302,Mid|5 -> Mid|5
692,Mid|5,2594.132129,693.0,Mid|5,2594.333196,0.20106699999996636,Mid|5 -> Mid|5
693,Mid|5,2594.333196,694.0,Mid|5,2594.567774,0.2345780000000559,Mid|5 -> Mid|5
694,Mid|5,2594.567774,695.0,Mid|5,2594.802352,0.2345780000000559,Mid|5 -> Mid|5
695,Mid|5,2594.802352,696.0,Mid|5,2595.003419,0.20106699999996636,Mid|5 -> Mid|5
696,Mid|5,2595.003419,697.0,Mid|5,2595.237997,0.2345780000000559,Mid|5 -> Mid|5
697,Mid|5,2595.237997,698.0,Mid|5,2595.439064,0.20106699999996636,Mid|5 -> Mid|5
698,Mid|5,2595.439064,699.0,Mid|5,2595.573108,0.13404399999990346,Mid|5 -> Mid|5
699,Mid|5,2595.573108,699.0,Left|8,2595.673642,0.10053400000015245,Mid|5 -> Left|8
699,Left|8,2595.673642,700.0,Mid|2,2595.807686,0.13404399999990346,Left|8 -> Mid|2
700,Mid|2,2595.807686,701.0,Mid|2,2596.042264,0.2345780000000559,Mid|2 -> Mid|2
701,Mid|2,2596.042264,702.0,Mid|5,2596.243331,0.20106699999996636,Mid|2 -> Mid|5
702,Mid|5,2596.243331,703.0,Mid|2,2596.477909,0.2345780000000559,Mid|5 -> Mid|2
703,Mid|2,2596.477909,703.0,Left|6,2596.611954,0.13404499999978725,Mid|2 -> Left|6
703,Left|6,2596.611954,704.0,Mid|5,2596.712487,0.10053299999981391,Left|6 -> Mid|5
704,Mid|5,2596.712487,705.0,Mid|5,2596.913554,0.2010670000004211,Mid|5 -> Mid|5
705,Mid|5,2596.913554,706.0,Mid|5,2597.148132,0.23457799999960116,Mid|5 -> Mid|5
706,Mid|5,2597.148132,707.0,Mid|5,2597.349199,0.2010670000004211,Mid|5 -> Mid|5
707,Mid|5,2597.349199,708.0,Mid|5,2597.583777,0.23457799999960116,Mid|5 -> Mid|5
708,Mid|5,2597.583777,709.0,Mid|5,2598.119955,0.5361780000002909,Mid|5 -> Mid|5
709,Mid|5,2598.119955,710.0,Mid|5,2598.321022,0.20106699999996636,Mid|5 -> Mid|5
710,Mid|5,2598.321022,711.0,Mid|5,2598.488578,0.1675559999998768,Mid|5 -> Mid|5
711,Mid|5,2598.488578,712.0,Mid|5,2598.689644,0.20106600000008257,Mid|5 -> Mid|5
712,Mid|5,2598.689644,713.0,Mid|5,2598.823689,0.13404499999978725,Mid|5 -> Mid|5
713,Mid|5,2598.823689,714.0,Mid|2,2598.924222,0.10053300000026866,Mid|5 -> Mid|2
714,Mid|2,2598.924222,715.0,Mid|2,2599.1588,0.2345780000000559,Mid|2 -> Mid|2
715,Mid|2,2599.1588,715.0,Left|9,2599.192312,0.03351199999997334,Mid|2 -> Left|9
715,Left|9,2599.192312,716.0,Mid|5,2599.560934,0.36862199999995937,Left|9 -> Mid|5
716,Mid|5,2599.560934,717.0,Mid|5,2599.762001,0.20106699999996636,Mid|5 -> Mid|5
717,Mid|5,2599.762001,717.0,Left|9,2599.829023,0.06702199999972436,Mid|5 -> Left|9
717,Left|9,2599.829023,718.0,Mid|2,2599.896045,0.0670220000001791,Left|9 -> Mid|2
718,Mid|2,2599.896045,719.0,Mid|2,2600.130623,0.2345780000000559,Mid|2 -> Mid|2
719,Mid|2,2600.130623,719.0,Left|3,2600.264668,0.13404499999978725,Mid|2 -> Left|3
719,Left|3,2600.264668,720.0,Mid|2,2600.298179,0.03351100000008955,Left|3 -> Mid|2
720,Mid|2,2600.298179,721.0,Mid|5,2600.532757,0.2345780000000559,Mid|2 -> Mid|5
721,Mid|5,2600.532757,722.0,Mid|5,2600.666802,0.134045000000242,Mid|5 -> Mid|5
722,Mid|5,2600.666802,723.0,Mid|5,2600.867868,0.20106599999962782,Mid|5 -> Mid|5
723,Mid|5,2600.867868,724.0,Mid|2,2601.102446,0.2345780000000559,Mid|5 -> Mid|2
724,Mid|2,2601.102446,725.0,Mid|2,2601.270002,0.16755600000033155,Mid|2 -> Mid|2
725,Mid|2,2601.270002,726.0,Mid|2,2601.471069,0.20106699999996636,Mid|2 -> Mid|2
726,Mid|2,2601.471069,727.0,Mid|5,2601.705647,0.2345780000000559,Mid|2 -> Mid|5
727,Mid|5,2601.705647,728.0,Mid|2,2601.839692,0.13404499999978725,Mid|5 -> Mid|2
728,Mid|2,2601.839692,728.0,Left|8,2602.07427,0.2345780000000559,Mid|2 -> Left|8
728,Left|8,2602.07427,729.0,Left|8,2602.07427,0.0,Left|8 -> Left|8
729,Left|8,2602.07427,729.0,Mid|2,2602.07427,0.0,Left|8 -> Mid|2
729,Mid|2,2602.07427,730.0,Mid|2,2602.308847,0.23457699999971737,Mid|2 -> Mid|2
730,Mid|2,2602.308847,731.0,Mid|2,2602.543425,0.2345780000000559,Mid|2 -> Mid|2
731,Mid|2,2602.543425,731.0,Left|3,2602.576937,0.03351199999997334,Mid|2 -> Left|3
731,Left|3,2602.576937,731.0,Dashboard|8,2602.610448,0.03351100000008955,Left|3 -> Dashboard|8
731,Dashboard|8,2602.610448,732.0,Mid|2,2602.67747,0.0670220000001791,Dashboard|8 -> Mid|2
732,Mid|2,2602.67747,733.0,Mid|2,2602.778003,0.10053299999981391,Mid|2 -> Mid|2
733,Mid|2,2602.778003,734.0,Mid|2,2602.912048,0.134045000000242,Mid|2 -> Mid|2
734,Mid|2,2602.912048,735.0,Mid|2,2603.146626,0.2345780000000559,Mid|2 -> Mid|2
735,Mid|2,2603.146626,736.0,Mid|2,2603.347693,0.20106699999996636,Mid|2 -> Mid|2
736,Mid|2,2603.347693,737.0,Mid|2,2603.582271,0.2345780000000559,Mid|2 -> Mid|2
737,Mid|2,2603.582271,738.0,Mid|2,2603.85036,0.2680889999996907,Mid|2 -> Mid|2
738,Mid|2,2603.85036,739.0,Mid|2,2603.984404,0.13404399999990346,Mid|2 -> Mid|2
739,Mid|2,2603.984404,740.0,Mid|2,2604.185471,0.20106699999996636,Mid|2 -> Mid|2
740,Mid|2,2604.185471,741.0,Mid|2,2604.386538,0.2010670000004211,Mid|2 -> Mid|2
741,Mid|2,2604.386538,742.0,Mid|2,2604.621116,0.23457799999960116,Mid|2 -> Mid|2
742,Mid|2,2604.621116,743.0,Mid|2,2604.889205,0.26808900000014546,Mid|2 -> Mid|2
743,Mid|2,2604.889205,744.0,Mid|2,2605.056761,0.1675559999998768,Mid|2 -> Mid|2
744,Mid|2,2605.056761,745.0,Mid|2,2605.291339,0.2345780000000559,Mid|2 -> Mid|2
745,Mid|2,2605.291339,746.0,Mid|2,2605.492406,0.20106699999996636,Mid|2 -> Mid|2
746,Mid|2,2605.492406,747.0,Mid|2,2605.559428,0.0670220000001791,Mid|2 -> Mid|2
747,Mid|2,2605.559428,748.0,Mid|2,2605.760495,0.20106699999996636,Mid|2 -> Mid|2
748,Mid|2,2605.760495,749.0,Mid|2,2605.894539,0.13404399999990346,Mid|2 -> Mid|2
749,Mid|2,2605.894539,750.0,Mid|2,2606.129117,0.2345780000000559,Mid|2 -> Mid|2
750,Mid|2,2606.129117,751.0,Mid|2,2606.363695,0.2345780000000559,Mid|2 -> Mid|2
751,Mid|2,2606.363695,751.0,Left|3,2606.531251,0.1675559999998768,Mid|2 -> Left|3
751,Left|3,2606.531251,752.0,Mid|5,2606.564762,0.03351100000008955,Left|3 -> Mid|5
752,Mid|5,2606.564762,753.0,Mid|2,2607.033918,0.4691560000001118,Mid|5 -> Mid|2
753,Mid|2,2607.033918,754.0,Mid|2,2607.268496,0.2345780000000559,Mid|2 -> Mid|2
754,Mid|2,2607.268496,755.0,Mid|2,2607.469563,0.20106699999996636,Mid|2 -> Mid|2
755,Mid|2,2607.469563,756.0,Mid|2,2607.704141,0.2345780000000559,Mid|2 -> Mid|2
756,Mid|2,2607.704141,757.0,Mid|2,2607.938719,0.2345780000000559,Mid|2 -> Mid|2
757,Mid|2,2607.938719,758.0,Mid|2,2608.139786,0.20106699999996636,Mid|2 -> Mid|2
758,Mid|2,2608.139786,759.0,Mid|2,2608.374364,0.23457799999960116,Mid|2 -> Mid|2
759,Mid|2,2608.374364,760.0,Mid|2,2608.575431,0.2010670000004211,Mid|2 -> Mid|2
760,Mid|2,2608.575431,761.0,Mid|2,2608.810009,0.23457799999960116,Mid|2 -> Mid|2
761,Mid|2,2608.810009,762.0,Mid|2,2609.078098,0.26808900000014546,Mid|2 -> Mid|2
762,Mid|2,2609.078098,763.0,Mid|2,2609.245653,0.16755499999999302,Mid|2 -> Mid|2
763,Mid|2,2609.245653,764.0,Mid|2,2609.480231,0.2345780000000559,Mid|2 -> Mid|2
764,Mid|2,2609.480231,765.0,Mid|2,2609.714809,0.2345780000000559,Mid|2 -> Mid|2
765,Mid|2,2609.714809,766.0,Mid|2,2609.915876,0.20106699999996636,Mid|2 -> Mid|2
766,Mid|2,2609.915876,767.0,Mid|2,2610.150454,0.2345780000000559,Mid|2 -> Mid|2
767,Mid|2,2610.150454,768.0,Mid|5,2610.284499,0.13404499999978725,Mid|2 -> Mid|5
768,Mid|5,2610.284499,769.0,Mid|5,2610.485566,0.20106699999996636,Mid|5 -> Mid|5
769,Mid|5,2610.485566,770.0,Mid|2,2610.61961,0.1340440000003582,Mid|5 -> Mid|2
770,Mid|2,2610.61961,771.0,Mid|2,2610.854188,0.23457799999960116,Mid|2 -> Mid|2
771,Mid|2,2610.854188,772.0,Mid|2,2611.088766,0.2345780000000559,Mid|2 -> Mid|2
772,Mid|2,2611.088766,773.0,Mid|2,2611.289833,0.20106699999996636,Mid|2 -> Mid|2
773,Mid|2,2611.289833,774.0,Mid|2,2611.524411,0.2345780000000559,Mid|2 -> Mid|2
774,Mid|2,2611.524411,775.0,Mid|2,2611.758989,0.2345780000000559,Mid|2 -> Mid|2
775,Mid|2,2611.758989,776.0,Mid|2,2611.960056,0.20106699999996636,Mid|2 -> Mid|2
776,Mid|2,2611.960056,777.0,Mid|2,2612.194634,0.2345780000000559,Mid|2 -> Mid|2
777,Mid|2,2612.194634,777.0,Left|3,2612.261656,0.0670220000001791,Mid|2 -> Left|3
777,Left|3,2612.261656,778.0,Mid|2,2612.3957,0.13404399999990346,Left|3 -> Mid|2
778,Mid|2,2612.3957,779.0,Mid|2,2612.630278,0.2345780000000559,Mid|2 -> Mid|2
779,Mid|2,2612.630278,780.0,Mid|2,2612.864856,0.2345780000000559,Mid|2 -> Mid|2
780,Mid|2,2612.864856,781.0,Mid|2,2613.065923,0.20106699999996636,Mid|2 -> Mid|2
781,Mid|2,2613.065923,782.0,Mid|2,2613.300501,0.2345780000000559,Mid|2 -> Mid|2
782,Mid|2,2613.300501,783.0,Mid|5,2613.736146,0.43564500000002226,Mid|2 -> Mid|5
783,Mid|5,2613.736146,784.0,Mid|2,2613.937213,0.20106699999996636,Mid|5 -> Mid|2
784,Mid|2,2613.937213,785.0,Mid|2,2614.171791,0.2345780000000559,Mid|2 -> Mid|2
785,Mid|2,2614.171791,785.0,Left|8,2614.305835,0.13404399999990346,Mid|2 -> Left|8
785,Left|8,2614.305835,786.0,Mid|2,2614.372858,0.0670230000000629,Left|8 -> Mid|2
786,Mid|2,2614.372858,787.0,Mid|2,2614.607436,0.23457799999960116,Mid|2 -> Mid|2
787,Mid|2,2614.607436,788.0,Mid|2,2614.842014,0.2345780000000559,Mid|2 -> Mid|2
788,Mid|2,2614.842014,789.0,Mid|2,2615.009569,0.16755499999999302,Mid|2 -> Mid|2
789,Mid|2,2615.009569,790.0,Mid|5,2615.210636,0.20106699999996636,Mid|2 -> Mid|5
790,Mid|5,2615.210636,790.0,Left|6,2615.411703,0.2010670000004211,Mid|5 -> Left|6
790,Left|6,2615.411703,791.0,Mid|2,2615.445214,0.033510999999634805,Left|6 -> Mid|2
791,Mid|2,2615.445214,792.0,Mid|2,2615.679792,0.2345780000000559,Mid|2 -> Mid|2
792,Mid|2,2615.679792,793.0,Mid|2,2615.880859,0.20106699999996636,Mid|2 -> Mid|2
793,Mid|2,2615.880859,794.0,Mid|2,2616.115437,0.2345780000000559,Mid|2 -> Mid|2
794,Mid|2,2616.115437,795.0,Mid|2,2616.350015,0.2345780000000559,Mid|2 -> Mid|2
795,Mid|2,2616.350015,796.0,Mid|2,2616.551082,0.20106699999996636,Mid|2 -> Mid|2
796,Mid|2,2616.551082,797.0,Dashboard|5,2616.685126,0.13404399999990346,Mid|2 -> Dashboard|5
797,Dashboard|5,2616.685126,797.0,Mid|4,2616.852682,0.16755600000033155,Dashboard|5 -> Mid|4
797,Mid|4,2616.852682,798.0,Mid|2,2616.986727,0.13404499999978725,Mid|4 -> Mid|2
798,Mid|2,2616.986727,799.0,Mid|5,2617.187793,0.20106600000008257,Mid|2 -> Mid|5
799,Mid|5,2617.187793,800.0,Mid|5,2617.321838,0.13404499999978725,Mid|5 -> Mid|5
800,Mid|5,2617.321838,801.0,Mid|5,2617.556416,0.2345780000000559,Mid|5 -> Mid|5
801,Mid|5,2617.556416,802.0,Mid|5,2617.95855,0.4021339999999327,Mid|5 -> Mid|5
802,Mid|5,2617.95855,802.0,Left|8,2618.126105,0.16755499999999302,Mid|5 -> Left|8
802,Left|8,2618.126105,803.0,Mid|2,2618.159616,0.03351100000008955,Left|8 -> Mid|2
803,Mid|2,2618.159616,804.0,Mid|2,2618.394194,0.2345780000000559,Mid|2 -> Mid|2
804,Mid|2,2618.394194,805.0,Mid|5,2618.628772,0.2345780000000559,Mid|2 -> Mid|5
805,Mid|5,2618.628772,806.0,Mid|5,2618.829839,0.20106699999996636,Mid|5 -> Mid|5
806,Mid|5,2618.829839,806.0,Left|2,2618.896862,0.0670230000000629,Mid|5 -> Left|2
806,Left|2,2618.896862,807.0,Mid|2,2619.064417,0.16755499999999302,Left|2 -> Mid|2
807,Mid|2,2619.064417,808.0,Mid|2,2619.298995,0.2345780000000559,Mid|2 -> Mid|2
808,Mid|2,2619.298995,809.0,Mid|2,2619.500062,0.20106699999996636,Mid|2 -> Mid|2
809,Mid|2,2619.500062,810.0,Mid|5,2619.634107,0.13404499999978725,Mid|2 -> Mid|5
810,Mid|5,2619.634107,811.0,Mid|5,2619.868685,0.2345780000000559,Mid|5 -> Mid|5
811,Mid|5,2619.868685,812.0,Mid|5,2620.069751,0.20106600000008257,Mid|5 -> Mid|5
812,Mid|5,2620.069751,813.0,Dashboard|5,2620.270818,0.20106699999996636,Mid|5 -> Dashboard|5
813,Dashboard|5,2620.270818,813.0,Left|2,2620.270818,0.0,Dashboard|5 -> Left|2
813,Left|2,2620.270818,814.0,Mid|5,2620.572419,0.3016010000001188,Left|2 -> Mid|5
814,Mid|5,2620.572419,814.0,Left|8,2620.639441,0.06702199999972436,Mid|5 -> Left|8
814,Left|8,2620.639441,815.0,Mid|5,2620.706463,0.0670220000001791,Left|8 -> Mid|5
815,Mid|5,2620.706463,816.0,Mid|5,2620.90753,0.20106699999996636,Mid|5 -> Mid|5
816,Mid|5,2620.90753,817.0,Mid|5,2621.142108,0.2345780000000559,Mid|5 -> Mid|5
817,Mid|5,2621.142108,818.0,Mid|5,2621.376686,0.2345780000000559,Mid|5 -> Mid|5
818,Mid|5,2621.376686,819.0,Mid|5,2621.577753,0.20106699999996636,Mid|5 -> Mid|5
819,Mid|5,2621.577753,820.0,Mid|5,2621.812331,0.2345780000000559,Mid|5 -> Mid|5
820,Mid|5,2621.812331,821.0,Mid|5,2622.046909,0.2345780000000559,Mid|5 -> Mid|5
821,Mid|5,2622.046909,822.0,Mid|5,2622.247975,0.20106600000008257,Mid|5 -> Mid|5
822,Mid|5,2622.247975,822.0,Left|9,2622.482553,0.23457799999960116,Mid|5 -> Left|9
822,Left|9,2622.482553,823.0,Mid|5,2622.482553,0.0,Left|9 -> Mid|5
823,Mid|5,2622.482553,823.0,Left|9,2622.482553,0.0,Mid|5 -> Left|9
823,Left|9,2622.482553,824.0,Mid|5,2622.68362,0.20106699999996636,Left|9 -> Mid|5
824,Mid|5,2622.68362,824.0,Left|2,2622.817665,0.134045000000242,Mid|5 -> Left|2
824,Left|2,2622.817665,825.0,Mid|5,2622.918198,0.10053299999981391,Left|2 -> Mid|5
825,Mid|5,2622.918198,826.0,Mid|5,2623.152776,0.2345780000000559,Mid|5 -> Mid|5
826,Mid|5,2623.152776,826.0,Left|9,2623.25331,0.10053400000015245,Mid|5 -> Left|9
826,Left|9,2623.25331,827.0,Mid|5,2623.353843,0.10053299999981391,Left|9 -> Mid|5
827,Mid|5,2623.353843,828.0,Mid|5,2623.588421,0.2345780000000559,Mid|5 -> Mid|5
828,Mid|5,2623.588421,829.0,Mid|5,2623.923532,0.3351109999998698,Mid|5 -> Mid|5
829,Mid|5,2623.923532,830.0,Mid|5,2624.15811,0.2345780000000559,Mid|5 -> Mid|5
830,Mid|5,2624.15811,830.0,Left|8,2624.258644,0.10053400000015245,Mid|5 -> Left|8
830,Left|8,2624.258644,831.0,Mid|5,2624.392688,0.13404399999990346,Left|8 -> Mid|5
831,Mid|5,2624.392688,832.0,Mid|5,2624.593755,0.20106699999996636,Mid|5 -> Mid|5
832,Mid|5,2624.593755,833.0,Mid|5,2624.828333,0.2345780000000559,Mid|5 -> Mid|5
833,Mid|5,2624.828333,833.0,Left|6,2624.995889,0.1675559999998768,Mid|5 -> Left|6
833,Left|6,2624.995889,834.0,Mid|5,2625.062911,0.0670220000001791,Left|6 -> Mid|5
834,Mid|5,2625.062911,834.0,Left|8,2625.096422,0.03351100000008955,Mid|5 -> Left|8
834,Left|8,2625.096422,835.0,Mid|5,2625.263978,0.1675559999998768,Left|8 -> Mid|5
835,Mid|5,2625.263978,836.0,Mid|5,2625.498556,0.2345780000000559,Mid|5 -> Mid|5
836,Mid|5,2625.498556,837.0,Mid|5,2625.699623,0.20106699999996636,Mid|5 -> Mid|5
837,Mid|5,2625.699623,838.0,Mid|5,2625.934201,0.2345780000000559,Mid|5 -> Mid|5
838,Mid|5,2625.934201,839.0,Mid|5,2626.168779,0.2345780000000559,Mid|5 -> Mid|5
839,Mid|5,2626.168779,840.0,Mid|5,2626.336334,0.16755499999999302,Mid|5 -> Mid|5
840,Mid|5,2626.336334,841.0,Mid|5,2626.570912,0.2345780000000559,Mid|5 -> Mid|5
841,Mid|5,2626.570912,842.0,Mid|5,2626.771979,0.20106699999996636,Mid|5 -> Mid|5
842,Mid|5,2626.771979,842.0,Left|8,2626.906024,0.13404499999978725,Mid|5 -> Left|8
842,Left|8,2626.906024,843.0,Mid|5,2626.973046,0.0670220000001791,Left|8 -> Mid|5
843,Mid|5,2626.973046,844.0,Mid|5,2627.241135,0.26808900000014546,Mid|5 -> Mid|5
844,Mid|5,2627.241135,845.0,Mid|5,2627.475713,0.23457799999960116,Mid|5 -> Mid|5
845,Mid|5,2627.475713,846.0,Mid|5,2627.877847,0.40213400000038746,Mid|5 -> Mid|5
846,Mid|5,2627.877847,847.0,Mid|5,2627.97838,0.10053299999981391,Mid|5 -> Mid|5
847,Mid|5,2627.97838,848.0,Mid|5,2628.179447,0.20106699999996636,Mid|5 -> Mid|5
848,Mid|5,2628.179447,849.0,Mid|5,2628.414025,0.2345780000000559,Mid|5 -> Mid|5
849,Mid|5,2628.414025,850.0,Mid|5,2628.615092,0.20106699999996636,Mid|5 -> Mid|5
850,Mid|5,2628.615092,851.0,Mid|5,2628.715625,0.10053299999981391,Mid|5 -> Mid|5
851,Mid|5,2628.715625,852.0,Mid|2,2628.883181,0.16755600000033155,Mid|5 -> Mid|2
852,Mid|2,2628.883181,852.0,Left|8,2628.950203,0.06702199999972436,Mid|2 -> Left|8
852,Left|8,2628.950203,853.0,Mid|2,2629.117759,0.16755600000033155,Left|8 -> Mid|2
853,Mid|2,2629.117759,853.0,Left|9,2629.15127,0.033510999999634805,Mid|2 -> Left|9
853,Left|9,2629.15127,854.0,Mid|2,2629.318826,0.16755600000033155,Left|9 -> Mid|2
854,Mid|2,2629.318826,854.0,Left|8,2629.318826,0.0,Mid|2 -> Left|8
854,Left|8,2629.318826,855.0,Mid|2,2629.519893,0.20106699999996636,Left|8 -> Mid|2
855,Mid|2,2629.519893,856.0,Mid|2,2629.72096,0.20106699999996636,Mid|2 -> Mid|2
856,Mid|2,2629.72096,856.0,Left|8,2629.888515,0.16755499999999302,Mid|2 -> Left|8
856,Left|8,2629.888515,857.0,Mid|2,2629.955538,0.0670230000000629,Left|8 -> Mid|2
857,Mid|2,2629.955538,857.0,Left|3,2630.02256,0.06702199999972436,Mid|2 -> Left|3
857,Left|3,2630.02256,858.0,Mid|2,2630.190116,0.16755600000033155,Left|3 -> Mid|2
858,Mid|2,2630.190116,858.0,Left|8,2630.257138,0.06702199999972436,Mid|2 -> Left|8
858,Left|8,2630.257138,859.0,Mid|2,2630.424694,0.1675559999998768,Left|8 -> Mid|2
859,Mid|2,2630.424694,860.0,Mid|5,2630.659271,0.23457700000017212,Mid|2 -> Mid|5
860,Mid|5,2630.659271,861.0,Mid|5,2630.793316,0.13404499999978725,Mid|5 -> Mid|5
861,Mid|5,2630.793316,862.0,Mid|5,2630.994383,0.2010670000004211,Mid|5 -> Mid|5
862,Mid|5,2630.994383,862.0,Left|8,2631.19545,0.20106699999996636,Mid|5 -> Left|8
862,Left|8,2631.19545,863.0,Mid|5,2631.228961,0.033510999999634805,Left|8 -> Mid|5
863,Mid|5,2631.228961,864.0,Mid|5,2631.463539,0.2345780000000559,Mid|5 -> Mid|5
864,Mid|5,2631.463539,865.0,Mid|2,2631.597583,0.1340440000003582,Mid|5 -> Mid|2
865,Mid|2,2631.597583,865.0,Left|8,2631.765139,0.1675559999998768,Mid|2 -> Left|8
865,Left|8,2631.765139,866.0,Mid|5,2631.79865,0.03351100000008955,Left|8 -> Mid|5
866,Mid|5,2631.79865,867.0,Mid|5,2632.033228,0.23457799999960116,Mid|5 -> Mid|5
867,Mid|5,2632.033228,868.0,Mid|5,2632.167273,0.134045000000242,Mid|5 -> Mid|5
868,Mid|5,2632.167273,868.0,Left|8,2632.167273,0.0,Mid|5 -> Left|8
868,Left|8,2632.167273,869.0,Mid|5,2632.36834,0.20106699999996636,Left|8 -> Mid|5
869,Mid|5,2632.36834,870.0,Mid|5,2632.602918,0.2345780000000559,Mid|5 -> Mid|5
870,Mid|5,2632.602918,871.0,Mid|5,2632.736962,0.13404399999990346,Mid|5 -> Mid|5
871,Mid|5,2632.736962,872.0,Mid|5,2632.938029,0.20106699999996636,Mid|5 -> Mid|5
872,Mid|5,2632.938029,872.0,Left|7,2633.139096,0.20106699999996636,Mid|5 -> Left|7
872,Left|7,2633.139096,873.0,Mid|5,2633.172607,0.03351100000008955,Left|7 -> Mid|5
873,Mid|5,2633.172607,874.0,Mid|5,2633.407185,0.2345780000000559,Mid|5 -> Mid|5
874,Mid|5,2633.407185,874.0,Left|8,2633.474207,0.0670220000001791,Mid|5 -> Left|8
874,Left|8,2633.474207,875.0,Mid|5,2633.608252,0.13404499999978725,Left|8 -> Mid|5
875,Mid|5,2633.608252,876.0,Mid|2,2633.84283,0.2345780000000559,Mid|5 -> Mid|2
876,Mid|2,2633.84283,877.0,Mid|2,2634.043897,0.20106699999996636,Mid|2 -> Mid|2
877,Mid|2,2634.043897,878.0,Mid|2,2634.278475,0.2345780000000559,Mid|2 -> Mid|2
878,Mid|2,2634.278475,879.0,Mid|5,2634.479541,0.20106600000008257,Mid|2 -> Mid|5
879,Mid|5,2634.479541,880.0,Mid|5,2634.680608,0.20106699999996636,Mid|5 -> Mid|5
880,Mid|5,2634.680608,881.0,Mid|5,2634.915186,0.2345780000000559,Mid|5 -> Mid|5
881,Mid|5,2634.915186,882.0,Mid|2,2635.149764,0.23457799999960116,Mid|5 -> Mid|2
882,Mid|2,2635.149764,883.0,Mid|5,2635.350831,0.2010670000004211,Mid|2 -> Mid|5
883,Mid|5,2635.350831,883.0,Left|3,2635.518387,0.1675559999998768,Mid|5 -> Left|3
883,Left|3,2635.518387,884.0,Mid|2,2635.585409,0.06702199999972436,Left|3 -> Mid|2
884,Mid|2,2635.585409,885.0,Mid|5,2635.786476,0.2010670000004211,Mid|2 -> Mid|5
885,Mid|5,2635.786476,885.0,Left|8,2635.819987,0.033510999999634805,Mid|5 -> Left|8
885,Left|8,2635.819987,886.0,Mid|5,2635.987543,0.16755600000033155,Left|8 -> Mid|5
886,Mid|5,2635.987543,887.0,Left|8,2636.356165,0.36862199999995937,Mid|5 -> Left|8
887,Left|8,2636.356165,887.0,Mid|5,2636.356165,0.0,Left|8 -> Mid|5
887,Mid|5,2636.356165,888.0,Mid|5,2636.557232,0.20106699999996636,Mid|5 -> Mid|5
888,Mid|5,2636.557232,889.0,Mid|5,2636.79181,0.2345780000000559,Mid|5 -> Mid|5
889,Mid|5,2636.79181,890.0,Mid|5,2637.026388,0.2345780000000559,Mid|5 -> Mid|5
890,Mid|5,2637.026388,891.0,Mid|5,2637.227455,0.20106699999996636,Mid|5 -> Mid|5
891,Mid|5,2637.227455,892.0,Mid|4,2637.495544,0.2680889999996907,Mid|5 -> Mid|4
892,Mid|4,2637.495544,893.0,Mid|4,2637.596077,0.10053300000026866,Mid|4 -> Mid|4
893,Mid|4,2637.596077,894.0,Mid|5,2637.763633,0.1675559999998768,Mid|4 -> Mid|5
894,Mid|5,2637.763633,895.0,Mid|2,2637.864166,0.10053299999981391,Mid|5 -> Mid|2
895,Mid|2,2637.864166,896.0,Mid|5,2638.065233,0.20106699999996636,Mid|2 -> Mid|5
896,Mid|5,2638.065233,897.0,Mid|5,2638.299811,0.2345780000000559,Mid|5 -> Mid|5
897,Mid|5,2638.299811,898.0,Mid|5,2638.500878,0.20106699999996636,Mid|5 -> Mid|5
898,Mid|5,2638.500878,898.0,Left|9,2638.701945,0.20106699999996636,Mid|5 -> Left|9
898,Left|9,2638.701945,899.0,Mid|5,2638.735456,0.03351100000008955,Left|9 -> Mid|5
899,Mid|5,2638.735456,899.0,Left|8,2638.768967,0.03351100000008955,Mid|5 -> Left|8
899,Left|8,2638.768967,900.0,Mid|5,2638.869501,0.10053400000015245,Left|8 -> Mid|5
900,Mid|5,2638.869501,901.0,Mid|5,2639.070567,0.20106600000008257,Mid|5 -> Mid|5
901,Mid|5,2639.070567,902.0,Mid|5,2639.238123,0.1675559999998768,Mid|5 -> Mid|5
902,Mid|5,2639.238123,902.0,Left|8,2639.43919,0.20106699999996636,Mid|5 -> Left|8
902,Left|8,2639.43919,903.0,Mid|2,2639.472701,0.03351100000008955,Left|8 -> Mid|2
903,Mid|2,2639.472701,904.0,Mid|5,2639.74079,0.2680889999996907,Mid|2 -> Mid|5
904,Mid|5,2639.74079,905.0,Mid|5,2639.841324,0.10053400000015245,Mid|5 -> Mid|5
905,Mid|5,2639.841324,906.0,Mid|5,2640.008879,0.16755499999999302,Mid|5 -> Mid|5
906,Mid|5,2640.008879,907.0,Mid|5,2640.142924,0.134045000000242,Mid|5 -> Mid|5
907,Mid|5,2640.142924,908.0,Mid|5,2640.377502,0.23457799999960116,Mid|5 -> Mid|5
908,Mid|5,2640.377502,909.0,Mid|5,2640.578569,0.20106699999996636,Mid|5 -> Mid|5
909,Mid|5,2640.578569,910.0,Mid|5,2640.746124,0.16755499999999302,Mid|5 -> Mid|5
910,Mid|5,2640.746124,911.0,Mid|5,2640.980702,0.2345780000000559,Mid|5 -> Mid|5
911,Mid|5,2640.980702,912.0,Mid|5,2641.181769,0.20106699999996636,Mid|5 -> Mid|5
912,Mid|5,2641.181769,913.0,Mid|5,2641.282303,0.10053400000015245,Mid|5 -> Mid|5
913,Mid|5,2641.282303,913.0,Left|2,2641.48337,0.20106699999996636,Mid|5 -> Left|2
913,Left|2,2641.48337,914.0,Mid|5,2641.717948,0.2345780000000559,Left|2 -> Mid|5
914,Mid|5,2641.717948,915.0,Mid|5,2641.952525,0.23457700000017212,Mid|5 -> Mid|5
915,Mid|5,2641.952525,916.0,Mid|5,2642.153592,0.20106699999996636,Mid|5 -> Mid|5
916,Mid|5,2642.153592,917.0,Mid|5,2642.38817,0.2345780000000559,Mid|5 -> Mid|5
917,Mid|5,2642.38817,918.0,Mid|2,2642.589237,0.20106699999996636,Mid|5 -> Mid|2
918,Mid|2,2642.589237,919.0,Mid|2,2642.723282,0.13404499999978725,Mid|2 -> Mid|2
919,Mid|2,2642.723282,920.0,Mid|5,2642.991371,0.26808900000014546,Mid|2 -> Mid|5
920,Mid|5,2642.991371,921.0,Mid|5,2643.158927,0.1675559999998768,Mid|5 -> Mid|5
921,Mid|5,2643.158927,922.0,Mid|5,2643.393504,0.23457700000017212,Mid|5 -> Mid|5
922,Mid|5,2643.393504,923.0,Mid|5,2643.594571,0.20106699999996636,Mid|5 -> Mid|5
923,Mid|5,2643.594571,924.0,Mid|5,2643.963194,0.36862299999984316,Mid|5 -> Mid|5
924,Mid|5,2643.963194,925.0,Mid|5,2644.063727,0.10053300000026866,Mid|5 -> Mid|5
925,Mid|5,2644.063727,926.0,Mid|5,2644.164261,0.1005339999996977,Mid|5 -> Mid|5
926,Mid|5,2644.164261,927.0,Mid|5,2644.398839,0.2345780000000559,Mid|5 -> Mid|5
927,Mid|5,2644.398839,928.0,Mid|5,2644.633417,0.2345780000000559,Mid|5 -> Mid|5
928,Mid|5,2644.633417,929.0,Mid|5,2644.834483,0.20106600000008257,Mid|5 -> Mid|5
929,Mid|5,2644.834483,930.0,Mid|5,2645.437684,0.6032009999998991,Mid|5 -> Mid|5
930,Mid|5,2645.437684,931.0,Mid|5,2645.504706,0.0670220000001791,Mid|5 -> Mid|5
931,Mid|5,2645.504706,932.0,Right|1,2646.040885,0.53617899999972,Mid|5 -> Right|1
932,Right|1,2646.040885,932.0,Mid|5,2646.074396,0.03351100000008955,Right|1 -> Mid|5
932,Mid|5,2646.074396,933.0,Mid|2,2646.275462,0.20106600000008257,Mid|5 -> Mid|2
933,Mid|2,2646.275462,934.0,Mid|2,2646.375996,0.10053400000015245,Mid|2 -> Mid|2
934,Mid|2,2646.375996,935.0,Mid|2,2646.744618,0.36862199999995937,Mid|2 -> Mid|2
935,Mid|2,2646.744618,936.0,Mid|2,2646.912174,0.1675559999998768,Mid|2 -> Mid|2
936,Mid|2,2646.912174,937.0,Mid|5,2647.046219,0.13404499999978725,Mid|2 -> Mid|5
937,Mid|5,2647.046219,938.0,Mid|2,2647.180263,0.1340440000003582,Mid|5 -> Mid|2
938,Mid|2,2647.180263,939.0,Mid|5,2647.38133,0.20106699999996636,Mid|2 -> Mid|5
939,Mid|5,2647.38133,940.0,Mid|2,2647.548886,0.1675559999998768,Mid|5 -> Mid|2
940,Mid|2,2647.548886,941.0,Mid|2,2647.749953,0.20106699999996636,Mid|2 -> Mid|2
941,Mid|2,2647.749953,941.0,Left|2,2647.850486,0.10053299999981391,Mid|2 -> Left|2
941,Left|2,2647.850486,942.0,Mid|2,2647.984531,0.134045000000242,Left|2 -> Mid|2
942,Mid|2,2647.984531,943.0,Mid|5,2648.219109,0.2345780000000559,Mid|2 -> Mid|5
943,Mid|5,2648.219109,944.0,Mid|5,2648.420175,0.20106600000008257,Mid|5 -> Mid|5
944,Mid|5,2648.420175,945.0,Mid|5,2648.654753,0.23457799999960116,Mid|5 -> Mid|5
945,Mid|5,2648.654753,946.0,Mid|5,2648.889331,0.2345780000000559,Mid|5 -> Mid|5
946,Mid|5,2648.889331,947.0,Mid|5,2649.090398,0.20106699999996636,Mid|5 -> Mid|5
947,Mid|5,2649.090398,948.0,Mid|5,2649.257954,0.16755600000033155,Mid|5 -> Mid|5
948,Mid|5,2649.257954,948.0,Left|6,2649.42551,0.1675559999998768,Mid|5 -> Left|6
948,Left|6,2649.42551,949.0,Mid|5,2649.492532,0.0670220000001791,Left|6 -> Mid|5
949,Mid|5,2649.492532,950.0,Mid|2,2649.693599,0.20106699999996636,Mid|5 -> Mid|2
950,Mid|2,2649.693599,951.0,Mid|5,2649.928177,0.23457799999960116,Mid|2 -> Mid|5
951,Mid|5,2649.928177,952.0,Mid|5,2650.162755,0.2345780000000559,Mid|5 -> Mid|5
952,Mid|5,2650.162755,953.0,Dashboard|5,2650.464355,0.301600000000235,Mid|5 -> Dashboard|5
953,Dashboard|5,2650.464355,954.0,Dashboard|5,2650.598399,0.13404399999990346,Dashboard|5 -> Dashboard|5
954,Dashboard|5,2650.598399,954.0,Left|5,2650.698933,0.10053400000015245,Dashboard|5 -> Left|5
954,Left|5,2650.698933,955.0,Mid|5,2650.933511,0.2345780000000559,Left|5 -> Mid|5
955,Mid|5,2650.933511,956.0,Mid|5,2651.168089,0.23457799999960116,Mid|5 -> Mid|5
956,Mid|5,2651.168089,957.0,Mid|5,2651.369156,0.2010670000004211,Mid|5 -> Mid|5
957,Mid|5,2651.369156,957.0,Left|8,2651.369156,0.0,Mid|5 -> Left|8
957,Left|8,2651.369156,956.0,Left|8,2651.369156,0.0,Left|8 -> Left|8
956,Left|8,2651.369156,958.0,Mid|5,2651.603734,0.23457799999960116,Left|8 -> Mid|5
958,Mid|5,2651.603734,959.0,Mid|5,2651.8048,0.20106600000008257,Mid|5 -> Mid|5
959,Mid|5,2651.8048,959.0,Left|3,2651.871823,0.0670230000000629,Mid|5 -> Left|3
959,Left|3,2651.871823,960.0,Mid|2,2652.039378,0.16755499999999302,Left|3 -> Mid|2
960,Mid|2,2652.039378,961.0,Mid|2,2652.206934,0.1675559999998768,Mid|2 -> Mid|2
961,Mid|2,2652.206934,961.0,Left|8,2652.441512,0.2345780000000559,Mid|2 -> Left|8
961,Left|8,2652.441512,962.0,Mid|2,2652.441512,0.0,Left|8 -> Mid|2
962,Mid|2,2652.441512,962.0,Left|8,2652.441512,0.0,Mid|2 -> Left|8
962,Left|8,2652.441512,963.0,Mid|2,2652.542046,0.10053400000015245,Left|8 -> Mid|2
963,Mid|2,2652.542046,964.0,Mid|5,2652.743112,0.20106600000008257,Mid|2 -> Mid|5
964,Mid|5,2652.743112,965.0,Mid|5,2652.97769,0.2345780000000559,Mid|5 -> Mid|5
965,Mid|5,2652.97769,966.0,Mid|5,2653.212268,0.2345780000000559,Mid|5 -> Mid|5
966,Mid|5,2653.212268,967.0,Mid|5,2653.413335,0.20106699999996636,Mid|5 -> Mid|5
967,Mid|5,2653.413335,968.0,Mid|5,2653.647913,0.23457799999960116,Mid|5 -> Mid|5
968,Mid|5,2653.647913,969.0,Mid|5,2653.882491,0.2345780000000559,Mid|5 -> Mid|5
969,Mid|5,2653.882491,970.0,Mid|5,2654.083558,0.20106699999996636,Mid|5 -> Mid|5
970,Mid|5,2654.083558,971.0,Mid|5,2654.318136,0.2345780000000559,Mid|5 -> Mid|5
971,Mid|5,2654.318136,972.0,Mid|5,2654.519203,0.20106699999996636,Mid|5 -> Mid|5
972,Mid|5,2654.519203,973.0,Mid|5,2654.753781,0.2345780000000559,Mid|5 -> Mid|5
973,Mid|5,2654.753781,974.0,Mid|5,2654.887825,0.13404399999990346,Mid|5 -> Mid|5
974,Mid|5,2654.887825,975.0,Mid|5,2655.122403,0.2345780000000559,Mid|5 -> Mid|5
975,Mid|5,2655.122403,976.0,Mid|5,2655.32347,0.20106699999996636,Mid|5 -> Mid|5
976,Mid|5,2655.32347,977.0,Mid|5,2655.558048,0.2345780000000559,Mid|5 -> Mid|5
977,Mid|5,2655.558048,978.0,Mid|5,2655.993693,0.43564500000002226,Mid|5 -> Mid|5
978,Mid|5,2655.993693,979.0,Mid|5,2656.228271,0.2345780000000559,Mid|5 -> Mid|5
979,Mid|5,2656.228271,980.0,Mid|5,2656.429338,0.20106699999996636,Mid|5 -> Mid|5
980,Mid|5,2656.429338,981.0,Mid|2,2656.663916,0.2345780000000559,Mid|5 -> Mid|2
981,Mid|2,2656.663916,982.0,Mid|2,2656.898494,0.2345780000000559,Mid|2 -> Mid|2
982,Mid|2,2656.898494,983.0,Mid|2,2657.099561,0.20106699999996636,Mid|2 -> Mid|2
983,Mid|2,2657.099561,984.0,Mid|5,2657.334139,0.2345780000000559,Mid|2 -> Mid|5
984,Mid|5,2657.334139,985.0,Mid|5,2657.535205,0.20106600000008257,Mid|5 -> Mid|5
985,Mid|5,2657.535205,986.0,Mid|2,2657.769783,0.2345780000000559,Mid|5 -> Mid|2
986,Mid|2,2657.769783,987.0,Mid|5,2658.002966,0.23318299999982628,Mid|2 -> Mid|5
987,Mid|5,2658.002966,988.0,Mid|5,2658.204033,0.20106699999996636,Mid|5 -> Mid|5
988,Mid|5,2658.204033,989.0,Mid|5,2658.438611,0.2345780000000559,Mid|5 -> Mid|5
989,Mid|5,2658.438611,990.0,Mid|5,2658.673189,0.2345780000000559,Mid|5 -> Mid|5
990,Mid|5,2658.673189,991.0,Mid|5,2658.874256,0.20106699999996636,Mid|5 -> Mid|5
991,Mid|5,2658.874256,992.0,Mid|5,2659.108833,0.23457699999971737,Mid|5 -> Mid|5
992,Mid|5,2659.108833,992.0,Left|6,2659.3099,0.2010670000004211,Mid|5 -> Left|6
992,Left|6,2659.3099,993.0,Left|9,2659.3099,0.0,Left|6 -> Left|9
993,Left|9,2659.3099,993.0,Mid|5,2659.3099,0.0,Left|9 -> Mid|5
993,Mid|5,2659.3099,993.0,Right|1,2659.510967,0.20106699999996636,Mid|5 -> Right|1
993,Right|1,2659.510967,994.0,Mid|5,2659.544478,0.033510999999634805,Right|1 -> Mid|5
994,Mid|5,2659.544478,995.0,Mid|5,2659.779056,0.2345780000000559,Mid|5 -> Mid|5
995,Mid|5,2659.779056,996.0,Mid|5,2659.980123,0.20106699999996636,Mid|5 -> Mid|5
996,Mid|5,2659.980123,997.0,Mid|5,2660.2147,0.23457700000017212,Mid|5 -> Mid|5
997,Mid|5,2660.2147,998.0,Mid|2,2660.415767,0.20106699999996636,Mid|5 -> Mid|2
998,Mid|2,2660.415767,999.0,Mid|2,2660.650345,0.2345780000000559,Mid|2 -> Mid|2
999,Mid|2,2660.650345,1000.0,Mid|2,2660.884923,0.2345780000000559,Mid|2 -> Mid|2
1000,Mid|2,2660.884923,1001.0,Mid|5,2661.08599,0.20106699999996636,Mid|2 -> Mid|5
1001,Mid|5,2661.08599,1002.0,Mid|5,2661.320567,0.23457700000017212,Mid|5 -> Mid|5
1002,Mid|5,2661.320567,1003.0,Mid|5,2661.555145,0.23457799999960116,Mid|5 -> Mid|5
1003,Mid|5,2661.555145,1004.0,Mid|5,2661.756212,0.20106699999996636,Mid|5 -> Mid|5
1004,Mid|5,2661.756212,1005.0,Mid|5,2661.99079,0.2345780000000559,Mid|5 -> Mid|5
1005,Mid|5,2661.99079,1006.0,Mid|2,2662.191857,0.20106699999996636,Mid|5 -> Mid|2
1006,Mid|2,2662.191857,1007.0,Mid|2,2662.426434,0.23457700000017212,Mid|2 -> Mid|2
1007,Mid|2,2662.426434,1008.0,Mid|2,2662.560479,0.134045000000242,Mid|2 -> Mid|2
1008,Mid|2,2662.560479,1009.0,Mid|2,2662.761546,0.20106699999996636,Mid|2 -> Mid|2
1009,Mid|2,2662.761546,1010.0,Mid|2,2662.962612,0.20106599999962782,Mid|2 -> Mid|2
1010,Mid|2,2662.962612,1010.0,Left|6,2663.096657,0.134045000000242,Mid|2 -> Left|6
1010,Left|6,2663.096657,1011.0,Mid|2,2663.230701,0.13404399999990346,Left|6 -> Mid|2
1011,Mid|2,2663.230701,1011.0,Dashboard|8,2663.264212,0.03351100000008955,Mid|2 -> Dashboard|8
1011,Dashboard|8,2663.264212,1011.0,Left|8,2663.297724,0.03351199999997334,Dashboard|8 -> Left|8
1011,Left|8,2663.297724,1012.0,Mid|2,2663.331235,0.03351100000008955,Left|8 -> Mid|2
1012,Mid|2,2663.331235,1012.0,Dashboard|8,2663.398257,0.06702199999972436,Mid|2 -> Dashboard|8
1012,Dashboard|8,2663.398257,1013.0,Mid|2,2663.532301,0.1340440000003582,Dashboard|8 -> Mid|2
1013,Mid|2,2663.532301,1014.0,Mid|2,2663.632835,0.1005339999996977,Mid|2 -> Mid|2
1014,Mid|2,2663.632835,1015.0,Mid|2,2663.766879,0.13404399999990346,Mid|2 -> Mid|2
1015,Mid|2,2663.766879,1016.0,Mid|5,2663.967946,0.2010670000004211,Mid|2 -> Mid|5
1016,Mid|5,2663.967946,1017.0,Mid|2,2664.068479,0.10053299999981391,Mid|5 -> Mid|2
1017,Mid|2,2664.068479,1018.0,Mid|5,2664.336568,0.26808900000014546,Mid|2 -> Mid|5
1018,Mid|5,2664.336568,1019.0,Mid|2,2664.437102,0.1005339999996977,Mid|5 -> Mid|2
1019,Mid|2,2664.437102,1019.0,Left|3,2664.537635,0.10053300000026866,Mid|2 -> Left|3
1019,Left|3,2664.537635,1020.0,Mid|6,2664.638168,0.10053299999981391,Left|3 -> Mid|6
1020,Mid|6,2664.638168,1020.0,Right|1,2664.738702,0.10053400000015245,Mid|6 -> Right|1
1020,Right|1,2664.738702,1021.0,Mid|3,2664.772213,0.03351100000008955,Right|1 -> Mid|3
1021,Mid|3,2664.772213,1022.0,Mid|3,2664.872746,0.10053299999981391,Mid|3 -> Mid|3
1022,Mid|3,2664.872746,1023.0,Left|3,2665.006791,0.13404499999978725,Mid|3 -> Left|3
1023,Left|3,2665.006791,1023.0,Mid|3,2665.006791,0.0,Left|3 -> Mid|3
1023,Mid|3,2665.006791,1024.0,Mid|6,2665.207858,0.2010670000004211,Mid|3 -> Mid|6
1024,Mid|6,2665.207858,1025.0,Mid|3,2665.27488,0.06702199999972436,Mid|6 -> Mid|3
1025,Mid|3,2665.27488,1026.0,Mid|3,2665.375413,0.10053300000026866,Mid|3 -> Mid|3
1026,Mid|3,2665.375413,1027.0,Dashboard|9,2665.609991,0.23457799999960116,Mid|3 -> Dashboard|9
1027,Dashboard|9,2665.609991,1027.0,Mid|2,2665.609991,0.0,Dashboard|9 -> Mid|2
1027,Mid|2,2665.609991,1028.0,Mid|2,2665.744035,0.1340440000003582,Mid|2 -> Mid|2
1028,Mid|2,2665.744035,1028.0,Right|1,2665.811058,0.06702299999960815,Mid|2 -> Right|1
1028,Right|1,2665.811058,1029.0,Mid|2,2666.112658,0.301600000000235,Right|1 -> Mid|2
1029,Mid|2,2666.112658,1029.0,Left|3,2666.17968,0.0670220000001791,Mid|2 -> Left|3
1029,Left|3,2666.17968,1030.0,Mid|5,2666.347236,0.1675559999998768,Left|3 -> Mid|5
1030,Mid|5,2666.347236,1030.0,Right|1,2666.514791,0.16755499999999302,Mid|5 -> Right|1
1030,Right|1,2666.514791,1031.0,Mid|2,2666.548302,0.03351100000008955,Right|1 -> Mid|2
1031,Mid|2,2666.548302,1032.0,Mid|2,2666.78288,0.2345780000000559,Mid|2 -> Mid|2
1032,Mid|2,2666.78288,1033.0,Mid|9,2666.883414,0.1005339999996977,Mid|2 -> Mid|9
1033,Mid|9,2666.883414,1034.0,Mid|9,2666.983947,0.10053300000026866,Mid|9 -> Mid|9
1034,Mid|9,2666.983947,1035.0,Mid|9,2667.151503,0.1675559999998768,Mid|9 -> Mid|9
1035,Mid|9,2667.151503,1037.0,Left|2,2668.592481,1.4409780000000865,Mid|9 -> Left|2
1037,Left|2,2668.592481,1037.0,Mid|3,2668.592481,0.0,Left|2 -> Mid|3
1037,Mid|3,2668.592481,1038.0,Left|1,2668.693014,0.10053299999981391,Mid|3 -> Left|1
1038,Left|1,2668.693014,1038.0,Right|1,2668.693014,0.0,Left|1 -> Right|1
1038,Right|1,2668.693014,1039.0,Mid|3,2668.827059,0.134045000000242,Right|1 -> Mid|3
1039,Mid|3,2668.827059,1040.0,Mid|2,2668.961103,0.13404399999990346,Mid|3 -> Mid|2
1040,Mid|2,2668.961103,1041.0,Mid|2,2669.061637,0.1005339999996977,Mid|2 -> Mid|2
1041,Mid|2,2669.061637,1042.0,Mid|2,2669.262703,0.20106600000008257,Mid|2 -> Mid|2
1042,Mid|2,2669.262703,1043.0,Mid|2,2669.497281,0.2345780000000559,Mid|2 -> Mid|2
1043,Mid|2,2669.497281,1044.0,Mid|2,2669.731859,0.2345780000000559,Mid|2 -> Mid|2
1044,Mid|2,2669.731859,1045.0,Mid|3,2669.932926,0.20106699999996636,Mid|2 -> Mid|3
1045,Mid|3,2669.932926,1046.0,Mid|3,2670.167504,0.2345780000000559,Mid|3 -> Mid|3
1046,Mid|3,2670.167504,1047.0,Mid|2,2670.36857,0.20106600000008257,Mid|3 -> Mid|2
1047,Mid|2,2670.36857,1048.0,Mid|2,2670.603148,0.2345780000000559,Mid|2 -> Mid|2
